,text
0,funky keyboard riff solo part without baseline c g b f e g c g b c dmaj f sus g quarts f sus c quarts fsus g quarts c g b f e g c g g
1,crazy well two drum sets play together clash
2,fell like god probably snarky puppy play list talent come creator love listening music
3,
4,tracks visually registered like track find handful em thx
5,jack conte see mark
6,best song album
7,wooowwww amazing love guys
8,fantastic
9,playing song least twice day last weeks everyday song touches soul thank
10,brilliant excited see hopefully munich monday
11,east river la di dah
12,solo chris bullock amazed
13,saw track played live amsterdam week absolutely blew away great performance energy set
14,imagine giant mess hell must sound balance engineering behind
15,sensational metals remind lincoln olivetti robson jorge record references brazilian rhythms like baio e samba cant stop listening
16,tell everybody groove saw maceo roots new orleans festival yrs ago played song least minutes grooving nobody wanted end feel song
17,nice nice
18,
19,love jamison ross drumming musical
20,god spiritual experience
21,felt little chaka khan janet jackson little cogic end
22,transition starting mainly keys like entering super mario level
23,really like
24,que envidia la gente que ha podido disfrutar de esta grabacin todo en perfecta armona escuchando el audio dirias que hay varios bateristas teclados guitarras viento todo en perfecta sincronizacin hacindonos gozar de la msica muchas gracias
25,amazing group musicians man feeling room playing together must pure elation
26,mmm yesss
27,
28,quebradeira
29,mad
30,watched video dozen times puts smile face every single time
31,post apocalypto crypto disco mashup sci fi fuscio funk something like snarky evolution continues really say
32,pure joy onwards
33,talking love brought back brecker brothers days definitely listening
34,think snarky puppy
35,sound engineering incredible
36,section bob mintzer vibes handle good
37,frank zappa still alive today would recruiting players ensemble
38,absolutely unbelievable
39,damn good
40,like th time listened realized unnecessarily hard aux percussion goes always adding much feel personality snarky tunes triangle playing nuts
41,worst thing snarky puppy getting experience new song first time
42,people connect headphones clueless set ups sorry sound ignorant
43,chest
44,band makes soooo happy song particular illustrates happen incredible musicians put aside egos collectively make something meticulously planned sound incredibly free spontaneous joyful reminds brecker brothers days days weckl pattatucci michel colombiers wings klaus ogermanns symbiosis miles btiches brew cool record album front live audience band listeners feed must ecstatic hope hear next one happens may slick jazzy bach escher gdel intricate lines interacting mirroring counterpointing always compelling always driving music empire central alive thriving heartbreakingly beautiful thanks making forget moment lost divided humans capable great harm destruction also innate capacity cooperation co creation viva snarky puppy
45,buildup insane call driving music means came driving knew cutting traffic
46,spiritual performance outstanding
47,much love room
48,limb would like able get earphone sit listen good god satisfying listen
49,ten points u find girl room
50,guy haha
51,fkj masego lol
52,always come something fresh keep music interesting felt good went church
53,always find amazing long sessions without sheet music
54,around hear ancients vibes faces album ewf snarky pulling genius
55,
56,c harris although would love see double bassist added hot band could play lead licks michael league solid anchor interchange way ivan morrison band years ago works super well van nicky scott electric alec dankworth double would make nice round piece band hell stop one eh add another two double bassists bows top fingers guy
57,wow listened guys first time blew away thanks
58,que maravilha ouvir isso eu estaria igual ao martin certeza kkkkkkk
59,question many hours larnell lewis get time learn every song
60,took church end
61,sick
62,reminds like excited hear rest album
63,random thought snarky puppy plus jacob collier minds take
64,please stop
65,robert fripp watching xd
66,stop need minuttes groove
67,ending kinda funny lol
68,jazz beyond science template
69,transcription
70,end look like shaun got filled holy ghost music good
71,homage paid fred hammond blessed city
72,almost watch music bands venus snarky puppy mar wait planet yet discover unreal creativity
73,hoping praise break end checked time seconds left
74,still got impression half musicians video playing hear difference result words maybe final mix decides instruments audible everything playing whole time
75,tears beginning jesus
76,international atomic clock sets time snarky puppy please come sacramento lot drink maybe tiny desk station work capradio
77,incredible fantastic
78,begin love band started listen show glastonbury months ago amazing also simpler point simplicity nobody like share point view comparing glastonbury sounds great much hard process case lot ears catch lots instruments musicians see sounds gets lost drummers percussionist guys keyboards cyntizaisers samplers guitars overkill doubt bunch genios though stay smaller version band anytime
79,whaou omg never hear sound performance lik play play replay time discover new sound respect god bless
80,watch video love might favorite video time thank mark lettieri composing tune thank snarky puppy amazing performance
81,larnell baddest man land
82,legitimately best live music ever heard thank snarky puppy enough creating incredible
83,sax solo makes pink floydish
84,waited family members leave house turned surround speakers max stood middle room danced heart first time max volume speakers year
85,
86,definitely wanna visit studio day
87,cant like ive tried tried find quite boring given talent offer better case
88,dark lettieri
89,jameson michael talks break
90,love everyone dancing
91,really dope
92,guys better better day day
93,eh
94,superfluous number guitarists drummers keyboard players competing bad idea
95,daily bread
96,damn experience
97,sublime performance musicianship several thousand hours sonic hedgehog clearly
98,video recording album
99,
100,
101,amazing personal opinion worship music sound like shaun martin go thank snarky puppy
102,nice trip cheers
103,matter many times listen cannot believe live im saying snarky puppy faking theyre clearly human
104,pry get level excellence
105,many drummers
106,fly
107,rickbeato please listen discuss
108,master piece damnnn
109,one days get proper praise break sp gonna amazing
110,ive argued time snarky puppy used sentence breath mentioning greatest big bands ever like mel lewis thad jones count basie sun ra duke ellington billy eckstine liberation music orchestra etc etc etc performance trinity evidence beyond reasonable doubt
111,wth going although love music many man make orchestra snarky puppy
112,guys arranger one
113,anyone experienced actual place recording feel headset
114,lovely arrangement
115,beautiful mix congrats whoaahhhh
116,sending love positivity may read
117,eiii drummers sync wooowww
118,mix absolutely freekin incredible
119,idea would cool snarky puppy would gospel
120,yo everybody room vibe homeboys rythem section church start poppin end plus man shaun feelin something denying lemme get praise break snarky puppy let go
121,noise
122,want keep simple fucking masterpiece
123,would jamming friends im actually good instrument friends
124,band sound like mess drummers guitar players bass dat horns dat
125,folks without shadow doubt coolest thing ever experienced thank making outstanding musicianship available experienced free youtube perfect
126,biggest issue listening sp catholic person told go heaven life
127,talk trinity real church feel end amazing guys
128,better shout
129,never get much fucking love band
130,
131,ohhhhh god backk chills
132,noir feeling id almost see movie like sin city good stuff
133,might one best recordings time perfectly balanced tried different headphones speaker setups sounds good cars impressive
134,still miss cory henrys presence projects shawn dope though shouts guys keepin jazz alive
135,degree difficulty engineer instruments well equivalent rocket science
136,someone please make ten hour version brilliant encore
137,moog lead reminds much ronald jenkees cool sound loved
138,big fan mark letterie solo stuff years music undoubtedly challenging extremely funky found though stuff like insane rhythm drive much top terms equally interesting melodies well dayum track see difference solo stuff snarky stuff horns smokin licks top add cherry top snarky tracks one songs ever heard years hearing continues gain momentum last note
139,heart screaming larnell go somewhere around minute mark good far snarkiest puppies stank
140,simply put amazing
141,wonder economics band works
142,great ensemble talent starts prog like feel morphs earth wind fire awesome
143,allergic women need volunteers next session
144,mike oldfield frank zappa nephew called al jarreau iv
145,shaun ok scream lol
146,yo tryna go church end thang tho
147,
148,wish could go back years practice order jam cats today
149,shaun vibing moog solo heart warming
150,best thing ever
151,way like song times
152,amazing
153,
154,largest collection minimoog one room since rick wakeman yes rig mid
155,incredible solo groove
156,ohh daaaamn best listened
157,hell
158,
159,come back thang hall fame worthy esquisite
160,best snarky ever dam fonky
161,content please
162,que coisa mais maravilhosa isso de deus
163,feel feel go
164,everyone wearing hedphones
165,anyone ever asks give example music perfect groove try explain play know listened many times say quite confidently one greatest pieces music ever heard mind blowingly brilliant
166,many drums percussions snarky puppy yessss
167,hahahahahaa couldnt let go
168,hahahahahaa couldnt let go
169,hahahahahaa couldnt let go
170,nothing beats big band big band beats snarky puppy excellent
171,man know better band music musicians music sooooo original refreshing every time hear new tune marvelous surprise next level whatever want call genre
172,oh god
173,perfect mix good congrats nic hard dave mcnair
174,guitar riff another world fire see guys cologne next week
175,despite joyfullness listenning simple question women band audience played kaboul
176,like thriller
177,thats heaven started calling name
178,thought snarky puppy best band ever manage outdo best band ever
179,aaaaaaaaaaah
180,ive watched video times every time tears come eye end watch masters enjoying creating something extraordinary certainly got cant help thx members world got better beauty still exists
181,snarkies music aging like fine wine
182,wonder additional drummers larnell means auditioning orienting replacement hope actually like set drummers performance cuz meant larnell pull back worldly playing drives musicians impressive larnell shine way come expect crave lead drummer sayin
183,chords please
184,yessssssss
185,someone explain otherwise calling bs go concert put headphones may well stream album stay home total bull
186,ok maybe see point want audience hear sound engineer hears something missing point live performances using pretty mediocre audio technica headphones well use better performance space better acoustics see point old fashioned
187,audience wearing headphones new thing missed someone please explain
188,fuckin love lads
189,topzera demais c doido luxo sou f de mais meu sonho poder participar de um evento desse
190,tickets wembley arena october
191,love part shawn martin like dude almost crying insane love
192,mix insane want make love kick drum might best sounding kick ever heard breathes god name find space high end kick things happen flat monitoring headphones listening much happening yet still much space openness
193,humble opinion would better larnell sole drummer get wrong drummer good predictable play safe larnell would brought wilder creativity play without harming harmony looked dominant looked reserved session like additional percussions though
194,get part middle sure gonna love couple week listened times edit wrong love
195,pocket groove
196,pushed buy tickets see guys london
197,nic hard dont know keep f amazing mix many track saludos desde chile
198,giant steps ewf face vamp
199,holy shit guitar section playing later tight crispy sounds like one player super dense texture god love guys much
200,looks like felt god one lol iykyk
201,one admire ridiculous amount skill talent room time cannot bring enjoy music
202,crying shaun crying leave alone
203,guitar riff sounds like empest tool sounds like frame frame king crimson cool
204,days multi track recording major recording artists recorded single takes full orchestras love snarky puppy record great jazz tradition modern production value challenging enough instead acoustically controlled environment studio bar absolutely nothing like
205,please cory henry solo
206,get nothing gets
207,probably best far wow sooo many layers chart keep going
208,cory henry
209,pure joy love guys
210,newest vibe altogether
211,anybody happens know number tracks pt project xd seriously
212,love caption generator trying come something xd
213,son un mantra progresivo
214,ground music festival wait
215,jam right dentist played office id problem keeping mouth open jaw would floor
216,must coolest experience biggest headache audio engineers mix awesome job
217,minutes yawn
218,guys keep good soon abducted aliens cause got heard across galaxies possible life forms sense hearing
219,fantastic fantastically well done played recorded mixed presented
220,certainly expect minor blues solo
221,snarky puppy new definition st century music actually missed guys
222,man everytime play video tear vamp song takes outta everytime love snarky puppy
223,especially steps ahead vibe wonderful like george duke synth solo
224,missing little bit cory henry
225,cant get enough music brilliant
226,time signature
227,called trinity theres three drummers
228,impeccably groovy gorgeous mix mastering
229,tarantino movie soundtrack probably would even much
230,anyone else getting like weird jazz banjo kazooie music vibes alright screw guys
231,spiritual
232,bernard wright end made whole video worth rip nard
233,yassss thats spiritual moment wow amazing
234,listening snarky puppy def cutting edge audio therapy helping depression seriously inspired thank guys putting souls seriously world need see hear def healing hopeful future
235,love rhodes sit mix everything breathing love im fan band recording engineer hope snarky puppy release dolby atmos binary versions mann
236,like like like like like like like like like liiiiiiiiiike
237,highest paid band works member
238,enjoyable jazz orchestra
239,need snarky puppy movie videogame soundtrack ever psychonauts focusing teen raz would injustice composing big ups snarky never fail amaze
240,music magic
241,un bee leeevable good
242,uh ya ok
243,make music party
244,wow wow
245,close pinnacle
246,amazing
247,wish snarky puppy money
248,musical power plant
249,good well done everyone wait hear expressive e osmose
250,shaun martin us
251,yes miss deep ellem version snarky puppy
252,incredible writing spacing voicing creativity musicianship great groove great swinging great music
253,great composition mark look forward cory h sitting live dropping keys solo groove nuts
254,justins synth intro good grief
255,super magic
256,dope
257,
258,grooving hard end trinity next years local concert snarky puppy never disappoints
259,
260,fucking ruined sax sax fucking sucks dont wanna hear sax
261,guys coming cape town south africa
262,come reno nv
263,starts
264,seeing live first time gumfest absolutely legendary
265,last chord shaun preaching ahahaha
266,joy infectious
267,buy trinity pre order empire central buy bet transmission empire central limited podcast series wait nd september
268,snarky puppy
269,much joy room power music
270,fat n funky
271,guys never fail awesome song
272,love live videos much feels like back high school discovering guys first time
273,thousand guitars twelve hundred keyboards six hundred saxos miriad drums percussionists one bass
274,man colors amazing
275,tout abord merci beaucoup pour ce concert trs pointu c est une pure merveille guitaristes cuivres et rythmique enfer bravo tous marc bezzina
276,jazz orchestra name snarky puppy continue rock swing seems like effortless transitions themes solos movements true delight essence joy looking forward empire central disc release would love see cd dvd release album awesome videos thanks music inspiration guys
277,feeding senses music huge wow
278,fu k audience wearing headphones fail
279,best sax bass sax playing ever heard life
280,see sheet music heck arrangement memorize tight wow
281,exceptional
282,new lingus
283,reason video views beyond
284,anyone know headphones
285,many musicians vocalist clue funky rock
286,omg chills wtf going
287,boring wow
288,good damn
289,love joy room
290,amazing cannot wait see live
291,violin tune nice touch love unison texture
292,bro gets everytime
293,esses caras incrveis
294,hilarious watching audience bob heads headphones like competition prove whos jamming
295,think music r top scientists respective fields darpa musical projects would
296,oh lawdy take church
297,always solid music love build
298,groovy
299,oh man song good watch groovy
300,broke
301,great young muscians magnifient love professional french drummer solo drums african liberation friendships american friends bravissimo
302,sure audience incels
303,learn official dance snarky puppy really want enjoy music learn dance like starts mark best example justin bill maz style dance everyone band snarky puppy larnell even seated drums every time hear played
304,
305,brass retun forever love
306,great song
307,please come back mexico
308,drummers sounds like one absolutely insane
309,fantastic felt
310,years hardly listening music along comes snarky puppy totally renewed love music impossible sit smile watching fantastic musicians playing exceptionally good music
311,cannot stop watching listening since pulled snarky puppy tune like almost religious experience mark lettieri freakin talented amazing wait release september
312,crazy band consolidated drummer give sudden cue musicians suddenly take right back idk planned judging michael caught guard body language think planned
313,found mark letteri wrote song last part inspired gospel artist myron butler wonder thing sounded like church myron amazing artist producer songwriter finding myron one mark inspirations song mind blowing
314,think everyone needs shaun martin life
315,song gives like vibes like
316,love ensemble favorite album like simply magical wordly even
317,happening
318,great live recording vids back brings much depth
319,omg praise break loading wow
320,simply awesome love
321,head heart exploded simultaniously
322,course larnell drums
323,makes happy love groove extended bit great
324,getting goosebump one newest album wait release
325,think ever experience like trinity think song elicits strong emotions th listen much first watched listened video fewer twice day since first much times day fills every time necessarily religious know church nuf said
326,crazy part music holy spirit place whether believe jesus fact snarky puppy delivering quality music years make mistake gospel heavy creation
327,snarky puppy finally discovered time j
328,also guitar riff sounds like pantera sleep
329,jesus christ
330,nice wondering everyone wearing headphones live performance though band audience
331,one people w headphones chilling snarky puppy vibes
332,could cry snarky puppy done
333,get music
334,dude gotta say man creativity freedom guys show music inspiring drummer listener mr louis amazing snarky puppy yall change feelings much higher plain want say great feeling listen music puts great mood love dearly
335,fuck yes
336,overkill happen call customers jam thomann
337,free listen
338,start band entire music class
339,magic nothing short brilliant please come india
340,holy shit
341,incredible arrangement mix fabulous bravo musicians music sound nowadays
342,omg
343,mr dywane thomas ii fans mononeon
344,close eyes picture weather report
345,seconds feelin
346,
347,
348,brain behind production mad mehhnnnnn jsut love nice
349,
350,dude shaun caught spirit end love guy
351,absolute passion love music shown entire room insane god definition music
352,thankful live planet point time guys
353,beautiful playing barcelona monday th june amazing music hall found late tickets left low visibility far band watching feel like want stand dance instead sucks going miss blast much going perfect harmony art elevates soul
354,please give us also please let us know youre ever touring
355,omg incredible experience must would love experience live session like one day
356,coolest musical organization planet
357,time signatures
358,good parts awful mess weirdly egoistical funk monsters
359,like keita ogawa always smiling makes smile
360,ill say group modern yellowjackets love snarky
361,got see riverbend cincinnati steely dan awesome many people know group ridiculous love cats
362,fantastic song atmosphere room must incredible
363,ever seen sax player try sue gitar solo harder lol
364,badasses
365,live shows headphones audience wanna go one types
366,white colonization jazz way gotta careful know goes rock blues rap house techno exhibit white people love black music prefer white package tas result music columbuses make way money enjoy levels reverence lionization attain chart success mainstream appeal black pioneers dream saying larnell lewis cory henry white everyone would know possible jazz band minority brothas band odd
367,sounds like dave weckl hard wired album think half musicians grew listening grp bigband chick corea jay oliver earth wind fire dave weckl band
368,anyone get fred hammond blessed feel towards end song
369,man love extenden version much wish able stream
370,woofing sound
371,duh yet another masterpiece bro gave bartenders moniters
372,wow new snarky puppy dang many drummers going stage long get larnell moments sayin seems like holding back one cuz many additional drummers
373,snarky puppy really almost went shout
374,nice want meet sound engineer
375,please invite guthrie govan play guitar guest
376,adam neely
377,shaun martin expressive always made every performance memorable
378,good hurts whew doggie
379,guys holding back fr
380,synth players using kempers would love know using sick hell
381,tighter new pair shoe laces
382,could best groove snakrky puppy ever created
383,speechless band composition
384,snarky puppy went war ukraine like right middle fighting pop concert war would end world peace would achieved truly believe group world musicians artists national global treasure
385,one word eargasm
386,yeah michaels listening jaga jazzist last couple years p
387,yesterday ulm father concert played beginning great
388,nothing better watching shaun mind explode videos
389,groove starts reminds louis cole drum solo beat
390,ok insane dope way
391,groove sickkkkkkkkkk
392,hot damn please come denver tour
393,great players great sound lousy song writers completely forgettable groove yes riff absolutely listen song come back next day sing without hearing completely forgettable hard hards sake equate musical likeable heard way better musicians half talented better writers know world disposable everything
394,great great great make happy thanks
395,sheesh grown arrangements
396,album available preorder online store folks
397,fyi case never seen freddie hubbard
398,yeah dude toooooo
399,children celebrate world
400,love dancing dude end really
401,snarky hoca
402,man vibe snarky vibe almost praise break end shawn ahaha
403,must see point life totally different experience live would never found snarky puppy drumeo video larnell lewis playing metallica probably never heard snarky puppy hooked since
404,ahhhh yes new stuff
405,beautiful peace art
406,
407,guys continue amaze bravo
408,horribly mixed bass quiet drums quiet mainly hear cymbals drumer drums
409,dios qeu hermosuraaaaa
410,respect kanaky
411,alright let
412,wondering many inputs used came recording dope video song
413,snarky puppy makes face melt
414,damn
415,grateful opportunity seen amazing humans snarky puppy band experience totally absorbed genuine passion music shaun martin mood lol
416,wooooow amazing
417,wow
418,listen guys always edge seat never know might happen next
419,
420,running fender rhodes kemper profiler never seen
421,wow double wow sooooo good
422,excellent always like sound instruments maybe much digital emulator makes lose character authenticity sounds like sound photograph imitated sound real sorry like
423,perfect bond backsound
424,trochu vypad jako reklama na sluchtka audio technica ale jinak perfektn song
425,guitarist say drummer heaven horn paradise synth orgasm rhythm guitars lovely could better
426,yesss
427,sheet music
428,beauty snarky puppy room full extremely talented musicians everyone one mind create amazing music dope like giving us glimpse heaven look like
429,one point sounds like someone trying solve crime like hard enough
430,god damn audio quality one insane absolutely stunning piece performance
431,oh simply divine
432,head grooving thats going one another level
433,shaun martin us
434,absolutely great
435,even audience pocket
436,synth solo good
437,god good
438,smooooooooooth
439,shaun overdosed funk
440,frank dancin
441,nasty
442,must taken days setup sound check imagine cabling
443,good shite
444,poor larnell gunning double time outtro
445,jazz alive nice
446,reminds insane rain pokemon jazz cover shit awesome
447,know say nasty
448,written arrangement fantastic
449,mark lettieri da house thank folks
450,please mix engineer snarkypuppy
451,lol went church end little bit
452,amazing blown away
453,would scared wear headphones someone wore sweat grime
454,drummersthree
455,sounds like music taken super mario brothers
456,whole lot kempers
457,every come together chanel listen another outstanding song snarky puppy like lingus released
458,million likes
459,need drums aguante marcelo woloski nomaa
460,like telling horror terror story
461,always wonder kind music almost exclusively male thing
462,song masterpiece
463,totally one body brain might getting impulses voice comes unified wow
464,unbridled joy
465,
466,hi normally comment anything watch making exception definitely something spirit captured video odd time start shifts movement dark bright shaun trying best hold right moment let go moment around minutes think watched times absolutely watch really want say think loved music much much younger listening return forever rip chick revived zeal music thank
467,got vibes dave matthews band dreaming tree one epic songs ever intro certain parts
468,bald guy front actually slow seizure
469,anyone know recorded
470,new genre music name existing term unfitting
471,another one khalid voice
472,music listen country drifts slowly towards fascism
473,c est cool avoir pris jason thomas pour jouer avec vous merci pour ce partage que je partage mon tour sur facebook
474,pleasant camera man filming exactly synth guy hits chord omg
475,know hearing good massive volume reduction
476,love wish us tour dates come west please
477,wow
478,shaun martin want end love
479,michael kind tarantino music enjoy nice cool mood wait minutes explodes
480,nada vai superar lingus melhor msica
481,anyone guess many mics many boards needed record insanely clean
482,favorite part video audience reactions
483,finally something match like sylva levels wonderful
484,people think women audience true scroll comments see fewer women audience women naturally appreciate instrumental fusion jazz rock
485,mark lettieri begins arpeggio left side
486,finally
487,complex composition many layers instruments one bass played one michael league
488,john mayer spirit arriving say hi
489,wow really feel heavy times past years total dread tentative hope light end tunnel hope sound naive instant classic love snarky puppy let dance
490,one step higher different yes lord
491,good lord
492,wie immer unglaublich
493,band crowd headphones great musicians know drop
494,needed praise break end bad needed
495,thanks
496,god love line great song
497,unbelievable
498,impresionante
499,mike league amazing feel touch inspiring leader maker extraordinaire
500,first saw room remembered legend movie felt teleportation fifth minute somewhere probably new idk dude epic weird strange dope time
501,anyone explain shaun martin feelin song especially
502,dont trumpet players ever really want break
503,american man ever seen
504,phenomenal
505,band historical think music like anywhere incredible band amazed every time incredible craftsmanship
506,like james bond bad lsd high
507,like james bond bad lsd high
508,merveilleux bravo les gars et merci bonjour de france
509,dope arrangement loving churchy vibe end whew thing got good
510,nasty
511,rip brotha bernard wright influence
512,want bass least hug get carried away think
513,someone get high
514,seriously want know mostly dudes
515,perform gospel choir
516,adoro som de vocs artista abrao
517,wow absolut masterpiece
518,impresionante felicidades
519,
520,used kind music beautiful music groove love
521,good audiophile headphones amp sounds great awesome band
522,watcha snarky puppy
523,berklee kid shit tbh
524,got goosebumps going crazy stimulating eargasms maximum
525,oh stole engine earz experiment however spelled short lived project knew exact chords gonna come drop blah electric guitar part even given electric guitar hiding plagiarism
526,holy fricc triangle goes hard
527,opportunity see guys perform three different occasions always left awe skill talent possess latest effort flawless chain
528,incredible joyfull full love life music great hear piece mark lettieri extremely thankful groove
529,love giving big gil evans vibes
530,well done guys iam happy hear amazing song whose scream
531,thank overwheming
532,throwing challenge idea snarky puppy musicians playing live tracks jacob collier cubase song project
533,cool go go music style dc end least seems strongly inspired influenced style
534,rather listen skinny puppy
535,legends
536,glooooory come somebody good
537,really like bob keep showing us unusual yet nice sounding guitar brands fodera tokai makes thinking f g p logo
538,kool track reminds movie commando
539,wow composition awesome want see video production many lines going board monitor mix lastly room mix one anyone else notice shot michael hitting big note sliding neck mix interesting
540,sound engineer hey michael many drums need next album michael yes
541,wether weport style
542,f b
543,body language audience represents
544,pipe dream version lingus
545,maybe someday one luckiest humanbeing earth sit
546,decided put advertisement middle song
547,read crew necks polo necks thing chriss smock shows far ahead curve guy
548,ya never miss huh another banger playlist
549,missin snarky puppy coziness performances people sit close surrounded incredible greatness set time learned great band could see far stage gotten popular fill huge venues rightfully really want able sit close like began
550,damn im blown away call party love vibewhich try describe thousand wordsbut often feels like playful subtle homage prince
551,outstanding
552,sax solo gripping thought going lift chair
553,song year right
554,good job bro jesus coming back soon prepare
555,awesome fing awesome
556,si existe esto debe sonar el cielo
557,beautiful
558,level sound quality musicianship always unreal
559,shit sounds like hot sauce chicken bacon cajun fries
560,snarky puppy best
561,love
562,isso uma banda uma puta orquestra os caras nata dos melhores uma odissia
563,got enough guitar players
564,gonna break neck
565,audience like zombies one ha one love band
566,must coming somewhere outside space unreal yet bloody funky subtle well amazing work bunch technicians included course probably spent several days setting whole place absolute perfect result question double sound take horn wind ribbon type microphones seems wanted make sure keep enjoying
567,interested guys ever heard memory elizabeth reed allman brothers much sound comes straight fusion piece
568,wow grandiose everything done live tracks love great sound video well
569,open mahavishnuee
570,amazing
571,
572,thanks posting
573,
574,enough woman least half woman
575,gospel according snarky puppy
576,bill moog solo love bill gets spotlight small tasty moment
577,wow joy one must feel room listening music geniuses
578,amazing amazing michael league bill laurance play new fusion jazz
579,break band could include percussionists sitting clapping thought audience ha
580,opposite metaverse puts eyes mask look stay sugerberg profit
581,holiest lines holes eeridesense drums trigger soul food soul food
582,deep like minds minolta
583,aie aie aie excellent excellentissime thank
584,mins get meat goes seconds back corny building riff nowhere good song lingus
585,missing energy made snarky puppy good musicians feel kind burned uninspired tenor solo pretty lame
586,watching snarky puppy play always experience
587,love video anybody know footages included album release case earlier albums
588,comeo tambem
589,final da musica eh uma coisa anormal
590,nao nao tem como muito bom
591,would damn near heart attack yall went praise break
592,kept taking turns expect lol
593,lingus
594,
595,much cost ticket see guys
596,go home
597,
598,please get extended extended version
599,yeah felt words describe music
600,hell kinda cymbal zildjian dude take back warped heat
601,producer michael snarky fam would like include next venture michael league yes
602,really hope aliens watching us catch moments
603,guitarists know try layer multiple takes recording take take take trying get timing tight live first try sound like one guitar notes start end perfectly sync damn
604,sounds like soundtrack movie genre doesnt exist yet amazing
605,accidentally played x speed much better ppl clap fast haha
606,butter
607,guys really best deserves mlns k views waiting new album
608,stepped music another level radiohead would say one songs everything right place
609,bucket list see snarky puppy perform live
610,love
611,someone notice legendary jubu smith
612,
613,great googly moogly good
614,way outta da park
615,whoa
616,larnell needs signature tripp pants deep pocket
617,seth rogan guitar jokes aside marvellous
618,watching video sean martin transported somewhere dimension musical bliss fucking incredible expect nothing less guys amazing thank
619,awesome already enjoyed times today setting new speaker system church perfect mean pretty perfect bigger always better bigger speakers better
620,ngl lost bit immigrance one amazing wait hear
621,walls would saying thanks guys love
622,karunia allah yang jatuh ke bumi
623,probably listen high quality setup might cry much
624,boy larnell lewis unreal performance
625,change band member especially keyboard player
626,bringing back like family dinner sound tears eyes waited nearly decade finally
627,much diversity
628,boom
629,abstolutaly terrific
630,snarky deja de sorprenderme wooowwww
631,
632,im trained musician appreciate great music mind blowing see multiple drummers keyboards play one accord nothing short amazing hopefully ill get catch guys live one day
633,loving change ups one
634,seconds already existential crisis
635,call dibs theme song ever become worlds powerful anime detective assassin billionare mecha pilot space pirate boxer
636,felt holy spirit end
637,got love guys front row competing show appreciates groove
638,got free headphones
639,hot damn
640,man wow
641,ok really good wtf audience wearing headphones
642,groove insane sound engineer made equal job sounds amazing
643,know bring funk
644,good music event sucks people chained seats
645,next level
646,project precious steady delight us
647,sooo good
648,point gig headphones sad statement modern world everyone heads think concept sucks
649,horns
650,actually didnt intend say anything sound says much
651,mind blown thank
652,uzeb
653,anyone else gets frank zappa vibe
654,like broke shaun makes cry everytime watch awesome
655,h e l c c
656,would awesome guys song guthrie govan
657,anyone else counting
658,yall better give praise lol
659,amazing collaboration musicians see put minds talent together
660,usually mixdown hard taking tracks stereo surround image sounds good across sound systems car plus adding sonic niceties reverb usually hard creating sonic palette various performances basics dubs time someone writes great song gets arranged beautifully enough musicians play parts live recordists amazing job capturing instrument plus sound room put faithfully media mixdown becomes embarrassingly easy simply bring faders balance maybe tweak something maybe sit back smile suspect mixing probably like
661,could really really without goofy head boppers front kinda like watching streisand sing tolerate obnoxious distraction incredible music
662,swing chega e derruba voce da cadeira
663,awesome see new sessions u guys uge fan love
664,somehow felt shawn lane vibe around anyone else
665,
666,snarky puppy praise break thats world heal lol
667,ce n est pas la meilleur
668,extended version needs actual album
669,killer band introduction fusion jazz easily best musicians planet larnell man saw replying ato comments know monster though probably need say jt jamison killing always wonder man sput hoping catch live since forever ago probably gonna come live show germany october th hope see
670,gokssss verryy veryyy goodd mannn
671,organ end though start something
672,something band incorporates drummers percussionists guitarists including bass guitar keyboard players alpha omega
673,absolutely love always manage find spot song shaun martin gets opportunity shine well play notes dance ass
674,disable ads good song total bummer three commercials play every time want watch
675,bass clarinet goes fucking hard bruh
676,super super artist
677,
678,actually insane words
679,words really justice pure beauty sean believe name scream let end jamming improvising special like awesome witness got fucking teary eyed intense relatable anything pure conduits antenna vessels whatever want call sean well guys group blessed us enjoy watching everyone elation pure joy special humble opinion actual performance everyone room felt vibration energy simply overwhelming great way times sean let raw way end kind encapsulated everyone rooms high vibration energy continued blessings
680,based single amount musicians feel like album produced
681,never gets old stuff keeps getting better age glad stumbled across guys years ago broadened musical library thank
682,mossooo os cara cria coisa top
683,outro definitely earth wind fire feel sure
684,larnell sput nate sign
685,look drums woohoo
686,oh man long welcome back peeps f happy
687,daaaaaaaammmmmmmnnnnn
688,dare commercial interrupt first listen realize genius never interrupted
689,feel guy long hair crowd feels
690,yep expressive e osmose atop rhodes holding breath delivery mine oh also bad bunch youngsters
691,literally everything changes beautiful
692,saw guys live came austin texas phenomenal concert would love see guys perform extended version trinity transcends us next level iykyk keep making music snarky puppy
693,set iconic
694,quartermaster end haha
695,missing cello player
696,fantastic
697,thank really snarky puppy rules
698,vrios pombos de fone kkkkkk
699,pull nice nice headphones one
700,bliss
701,gender distribution audience tell us instrumental music band suppose know alert cultural war sexism intended empirical assessments
702,death penalty fucker placed advert song finished
703,one thing like larnell setting praise break end nobody picking
704,como sempre espetacular j estou acostumando mal todo lanamento snarky eu j sei que vou apaixonar
705,
706,groove nice everything great frustrating try listen two ads one minute music beyond absurd makes music unlistenable
707,excellent
708,females allowed band audience
709,best wow
710,ty
711,oh damn nard end
712,question musicians risk mistakes increases number musicians increases form big band sheet music performance recording producer low level risk aversion mistakes corrected edition recording musicians extraordinary memory anyway snarky puppy great innovator instrumental music century great jazz pop rock big band release wait anxiously next great live studio recording
713,engineered nic hard matt recchia michael harrison engineering assisted skyler childress michael league shakthi prasad kt mixed nic hard mastered dave mcnair guys deserve claps well mixing insanely good
714,nard beautiful exists
715,love guys
716,everone bobbing head look like ducks
717,created musical composition heavenly good got question music exists tho
718,kind band wish could start
719,ufff
720,yuuuuuuuuuuuuuuuuup
721,thankful get earth time guys theyre nothing short phenomenal aside cant help feel theres something else shaun martins reaction end privy
722,beginning feeling like movie intro
723,
724,dcolle pas cest agaant jpp
725,super cool instant favourite
726,
727,still giving goosebumps listened like times repeat good
728,marvelous enjoy glasto guys xx
729,everybody say blessed blessed blessed
730,concert guys women video talented tight cup tea heart
731,musical ensemble perfection back awesome usual grooving impossible sit still
732,somebody felt real deep bass ooooo
733,keyboarder kemper
734,camaraderie spirit sound performance got smiling ear ear like cheshire cat one beautiful experience
735,boom
736,damn wish gospel shout end
737,thank beautiful concert movie perfectly staged enlighted filmed finished benchmark
738,triangle groove
739,ads know fuck greatness
740,dwight schrute killing sax
741,gospel would say main message bible work jesus christ son god cross humanity talking jesus cross need look problem humanity problem every one us faced despite efforts person cannot earn way heaven romans says sinned fall short glory god anyone examine know even though yes sometimes good also evil times commit moral crimes rebel god bible calls sin lie steal blaspheme god lust hate brother hearts sins likely every person earth committed god loving holy merciful among attributes also perfectly like crime sin punished god punish sin would unjust would corrupt someone take punishment romans says wages sin death free gift god eternal life christ jesus lord talking spiritual death physical death die sins go hell good evidence humans souls near death experiences one evidences part lives past physical body god sent son earth years ago son jesus christ jesus christ promised savior world fulfilled hundreds prophecies coming world jesus born virgin lived sinless life crucified cross payment sins god poured wrath jesus place meaning justice god satisfied sin punished still enmity god god still wants save us romans says god demonstrates love toward us yet sinners christ died us three days jesus crucified rose proving payment enough said son god real world evidence life death resurrection jesus christ nice story scripture tells us repent put trust jesus follow lord repentance means change mind means turn life following sin life following christ salvation free gift cannot earned one perfectly moral impossible way presence god heaven important reiterate cannot save gift god one saved god rich mercy ready forgive cry sincere coming god flippant thing repent place trust jesus christ alone today day salvation ephesians says grace saved faith gift god result works one may boast salvation gift way jesus said way truth life one comes father jesus way truth life romans says confess mouth jesus lord believe heart god raised dead saved
742,nasty
743,bass clarinet
744,get another one legendary flood tho
745,super cool kinda hard enjoy theres midway ads
746,snarky ppupi increbles fantastico sonido coordinacion sobre todo muy buena msica
747,yall still got love sections sucks ad minutes would nicer pre post roll
748,one song set
749,insane
750,world flat keyboard top rhodes looks cool heck edit found called osmose made expressivee
751,awesome tx
752,possible assemble large group musicians without single woman
753,awesome
754,absurdo
755,anywhere get sheet music gotta play licks
756,absurdo
757,usual amazing
758,audience exactly expected
759,noticed many cymbals bent holes hope got discount slightly irregular percussion another great tune awesome band
760,internet
761,rhythmic harmonious time complex sounding simple
762,os caras fora da curva
763,animusic type beat
764,good see guys together tell appealed music geek equipment geek
765,hell yeah love
766,first man public realy feeling groove
767,well know dance moves never done
768,way record band capture really
769,lawd ha mercy talented gentlemen
770,simply incredible
771,oh another sp album get seriously obsessed
772,would make superb bond theme
773,
774,amazing impressed band recording video composition production etc yet still left emotionally left cold
775,done melody vamp shout groove scary
776,another spectacular performance huge fan stoked see sp cincinnati tomorrow night steely dan sadly seeing live great able experience music way people would amazing midst many amazing musicians sp best
777,excelente toda una escuela felicidades lopez
778,waaaooooowww
779,masterpiece although cory henry would beyond imagination
780,thank goodness
781,bass clarinet badass color
782,bananas point absolutely love everything guys put clue guys shot never even see cameraperson amazing
783,sonzeira
784,comments missing every video right
785,friends sitting around basking dreamland
786,best thing ever heard holy crap snarky puppy going places
787,intresting isnt michael great nonetheless
788,favorite musician favorite musicians
789,fenomenales como siempre
790,final shot nard made heart smile harold went saw face got full real quick hold man love much u know whole band killing done even see mike league first minutes mark u composed banger boi sho nuff hope die big ole greasy banger headphones justice headed car drive next minutes give baby runs real speakers
791,michael upped got lads back together wonderful
792,almost feel like one released halloween hell tune
793,fantastic band groove musicality love thank artists
794,wonder sounded room without headphones
795,wait blow bring back
796,got nice herbie hancock mwandishi era sound groove props eddie henderson bennie maupin
797,much quantization autotune half band even playing anything sitting headphones
798,play drummers step anyone feet
799,like listening first time amazing
800,like well orchestrated spy movie soundtrack
801,oh go another masterpiece everyone right place terms arrangement mix sounds outstanding thanks guys
802,memory see anyone reading amazing writing arranging playing mixing recording
803,killer hahahah
804,incredible good
805,hanging cloth humming sanitymusic healing powerthe power three
806,amazing sadly portugal included european tour feel sort pink floyd shine
807,rip dallas legend bernard wright gentleman dancing end video wow
808,marvelous
809,amount gear production must taken blows mind holy shit
810,mastering
811,clearing vibes
812,banger
813,victory lap
814,know band knows shit half members wearing glasses
815,thing would make better would trombone two
816,snarky puppy keeps getting better better love jam
817,sensacional sou muito f
818,ads middle song illegal
819,really updated synth collection sheesh
820,excellent production much talent one session paper people tech musicians mr martin almost made get holy ghost let say vibes music
821,top pops next level boogie wookiee crawdaddy jamtastic
822,djazz
823,yes
824,jaga jazzist esque e day
825,discovered snarky puppy early never headbanged hard life shofukan sleeper jambone lingus binky trinity part religion
826,feat arrangement production stonking good track helps thank people involved includes generous funders
827,era big band back without inflated egos gotta love harmony humility much love guys
828,bravo
829,create vibe create atmosphere
830,amacing
831,ta buenisimo como lionel mesi
832,
833,fuck yes done scared go live show shock forever
834,dancing office desktop right
835,heard live okc last week pure fire
836,fascinating music brilliantly played recorded sessions special occasions people witnessing extremely lucky concept smart approach brings best performers opens door magic
837,shaun taken church end
838,larnell playing whole song would made top snarky drummers awesome btw
839,beautiful songs arrangements im always looking guys listen capture songs arrangements awesome musicians arrangements thanks music musicianship
840,man letieri keep loving music also nod van halen keyboard letieri thing
841,groove movin tears wth
842,im happy snarky puppy back
843,last show witnessed snarky puppy live royal albert hall london ready album tour
844,sums reaction pretty accurately
845,hey michael many percussionist need yes
846,aaaamazing
847,wow mix something else would love learn engineer mixed mastered session mixing large number instruments easy could feel hear instrument crystal clear great job done band time favorite band
848,also dvd release
849,see huge bands like figure person takes home like gig
850,kudos audio engineers amazing mix
851,neo king crimson
852,song amazing talk huge mix sounds breathtakingly gooood
853,interesting shuffle groove nice
854,miss guys
855,love moment triumph shaun martin gets end pure emotion fitting reaction job done well hat always crew wait album drop
856,love vigor
857,piece spectacular love layering transitions
858,feel like snarky puppys prep recordings must go beyond rehearsing music group size express apparently consistent joy positivity id think intentional group meditation retreats profit sharing twister maybe power music nahhhh couldnt
859,likes m_b cory
860,world peace must feel like absolutely stellar
861,oh gosh groove deep
862,awesome
863,distorted guitar stereotypical video game sound could straight mario sonic game
864,larnell almost started whole praise break woulda made x better
865,shaun martin reaction organ priceless everybody needs friend like
866,layers upon layers upon layers upon layers song moving machine sooooo maaannnyy gears vamp sus chord end surreal lush
867,mf rick grimes killing percussion
868,bass clarinet riff
869,ehh
870,came destiny stream disappointed
871,third listen wheeewww
872,worst woke band ever
873,yet another work art
874,brilliant glad guys honored bernard wright like cant wait see hear performances album used go see pussycat lounge monday nights years ago wes funky knuckles unt crowd whoever town always something supernatural somewhere prince mccoy tyner
875,waiting long
876,man insane
877,starts vibe goes higher clouds stars sky
878,could watch shaun diggin whats going remember band ntsu back called nucular hamsters think going direction maybe influence maybe theres something funky denton wateryeah thats probably
879,wait full album release september love forever snarky puppy greeting brazil
880,awesome like mayonnaise chocolate chip cookies music
881,yaaaaaaaaaaaaashhhh
882,good shaun martin church end
883,shaun martin everyones facial expressions yet
884,last time saw heads nodding groove like steely dan concert
885,type music wanna get sacrificed jungle
886,church
887,fell love music much thanks band great musicians video
888,content good watch free
889,lingus ish feelings rn
890,speechless wow
891,voltaram com tudo
892,promise least one high school band kind band props intricate choreography flag carriers costumes use tune show fall
893,maaaan listening headphones trip panning guitars come around funky sounds absolutely gorgeous
894,still chasing high lingus years ago
895,ear morphine push fucking button enough
896,yeah slap ad right middle shit mmmmm immersive servile song
897,great stuff
898,kind music makes play love music
899,thanks youtube algorithm suggesting gem artist
900,top level musicians fun
901,month ago know snarky puppy days ago brand new like cd dvd arrived yesterday watched entire dvd twice find new sp stuff last freaking friday man feel lucky
902,amazing
903,lingus das good shit
904,ad kemper
905,indisputably superb work modern music hat mr letteiri stunning comnpositon hat bassist mike league providing steady fluid bottom marvelously complex composition hope restored modern music thanks kick ass ensemble musical expertise served genuine groove looking forward new album
906,way michael league plays bass effortless act kind ever seen absolutely beautiful bloody magicians
907,gotta love pupps
908,emoji flamme emoji flamme emoji flamme
909,cannot bring enough drums
910,stop guys damn
911,og gang back except cory
912,words fail snarky puppy wow
913,anybody insight title
914,wow caught violin
915,words drum mers
916,good back
917,yall really went church end freaking amazing always amazing musicians three drummersall faves
918,september aaaaaahhhhhhhhhhhh
919,love michael league things cant understand recording instance sound like soundtrack action film music say america today whats happening country seems like nostalgia instead saying something music connect people great playing though
920,guitar sound delicious
921,sound engineering groovy collective momentum members specially public simply wonderful moment drink sip satisfied thank
922,charts mazing always w crew
923,beyond cool keeps getting better
924,usual mind melted would melt
925,musical orgasm period
926,song great know wanted larnell camera time
927,amazing greetings hugs
928,tool empest intro
929,oni radza sobie jakos czyz nie
930,appreciate three drummers manage sound like one person playing
931,stank face whole song amazing usual snarky puppy
932,trumpeter
933,bring german guitarist martin miller featured guest
934,women place
935,inspiring otherworldly experience sitting room world class musicians im grateful group absolute emotion create
936,dudes front trying anticipate beat
937,back
938,band lame fuck well
939,fans fucking lame always
940,seated audience sense
941,disappoint
942,even begin imagine much money spent setting
943,jeff porcaro approve groove
944,really admire snarky puppys ability maximalist yet still tasteful every instrument still playing essential role final tune
945,got lost counting guitar players drummers lol awesome tune
946,thank guys
947,end thought church lol
948,astounding wonderful always love snarky puppy wish could
949,hallelujah
950,moment right amazing musical moment like ends remotely musical sound electrify room even silence heavy
951,wow seriously hook awesome wait watch
952,dudes matured like fine fine wine
953,thrown party ears thank
954,oh yeas
955,section gives whole new meaning song soo groovy thank snarky puppy
956,yes
957,good
958,poor audience stuck sitting im chair garage dancing killer tune
959,saw live week ago body experience
960,modern day symphonies aural journeys
961,understand horn section made several different people sure sounds like playing using brain
962,man mean wow
963,avengersassemble
964,good thing time get end dont even remember beginning cool arpeggiated guitar chord progression ending part sick
965,goddamn
966,anyone else think sp generations zappa mothers minus gonzo lyrics complex orchestrated pieces involving dozen give take musicians musicians led guy composes guitar odd time signatures almost painful play complexity handled aplomb
967,jammingist
968,love see live session awesome band love guys
969,one thing really like snarky puppy shaun energy man dude pure music energy
970,dude mark really fucking awesome producer
971,soooooooooooooooooooooo looking forward album gig london october
972,big louis cole vibes part starts great tune
973,aside awesome musicianship engineering feat amazing headphones mics looked like woodwinds mics mention percussion ever engineered deserves energetic appreciations musicians get
974,
975,larnell lewis inspiration everything truly didnt comprehend drums ive playing years heard like larnell percussion gods snarky
976,brilliant
977,moment savour fast eat spread die welcome back snarky much missed
978,cory henry still play guys
979,fucking back baby
980,snarky puppy absolute monster band theyre top game recording glad next live cd dvd release even killer fact two drummers appears jason jt thomas time favorite snarky drummer larnell lewis fantastic
981,definitly tool love melting genres always perfect
982,man groove illegal damn good
983,world might suck times group people never fail make reconsider
984,kirk franklin vibes end love song started worshipping along
985,
986,shoulda went lol
987,piece music mad crazy good wish session props mark lettieri mad piece work one little keys sounds like nod brother eddie nice broaden fanship mainstream interest regardless thanks best come
988,yes phenomenal musician well snarky puppy would never great without shaun martin antics
989,longer hair looks dope chris
990,god damn
991,sickest thing ive heard
992,several album long hiatus video style live albums feels damn good see human element seeing play interact together absolutely something else guys continually top game favorite band years seen live disservice
993,gorgeous vibes
994,mad halloween vibes love
995,never seen many kemper stage
996,magic starts
997,gonna release whole footage
998,sounds like great movie soundtrack someone write screenplay around
999,way could get version without visual effects
1000,thank snarky puupy world thanks
1001,say snarkamazing
1002,magical many levels
1003,oh feeling like band zach last missing cory
1004,sound amazing
1005,god love found guys years ago actual jazz band since spyro gyra knows science music sound transformative sound thank
1006,anybody explain exactly pencil mic
1007,love new tune groovy theses smiles playing time signatures changes
1008,groove end
1009,marvelous arrangement great musicianship
1010,amazing always would really love see snarky puppy play bpm techno break beat
1011,guy second row us masterpiece bless ears
1012,jesus might well named tune hold beers
1013,pure vibes room
1014,thank love
1015,love
1016,plz put extended version spotify cant get enough ending
1017,incredible jam amazing getting close years keep composing fresh material tune loop house rest day
1018,aaaaaaaaaaaaa perfeitoooo
1019,somehow think earth wind fire september final part
1020,
1021,thanks retiring love
1022,gotta around million bucks worth equipment room gearheads wanna watch full screen times
1023,phenomenal feel like everyone opportunity confront go much deeper craft two years isolation brilliant much deeper different level game
1024,drop
1025,many musicians need
1026,little flavour bobs soprano adds brass parts perfect
1027,masterpiece
1028,michael slapping new one nice
1029,wild hot groove stop masterpiece
1030,
1031,one word needed class
1032,crying crying
1033,believe finally going see live bulgaria less month wait
1034,mario kart
1035,many kempers single building
1036,wish one listeners sitting love pakistan p shots video crazy percussionists guys com onnn
1037,incredible wait album
1038,gave goosebumps
1039,amazingg
1040,freaking sick
1041,intense tone p bass perfection
1042,whole album coming
1043,snarky puppy thank existing
1044,got hear live days ago amazing concert
1045,goodness yes
1046,great track performance one gripe advert middle know groundup band need paid surely better way found monetise without spoiling look forward full album coming adverts
1047,grammys enough
1048,got funkier
1049,reaction drum fill face making right
1050,big musical chemistry
1051,feels dang good gang back together
1052,que volada de peluca lpm
1053,electric guitars kinda reminds super funky mariokart song times
1054,wait september thank much compositions musicianship taste groove
1055,completely blown away fantastic ensemble musicians
1056,okay let hear bass clarinet bringing groove next going need bassoon
1057,want sending love way indonesia
1058,production beyond belief mix perfect camera work exceptional playing flawless blessed able performances like captured high quality bravo snarky puppy
1059,feel mark lettieri touch song great special attention synth sound
1060,completely new sound new mood ive heard thank mark thanks snarky puppy
1061,fear one day snarky gonna groove hard got damn close one
1062,saw kansas city last night first songs new album including one must see concert disappoint
1063,damn blastthe reprisewords fail soars well done markand
1064,beautiful
1065,bout go church
1066,nard
1067,years ago told dad rock n rollhe big band guy told nothing r r compared count basie believe snarky puppy music would change dads mind would hear see evolution created whole new musical world
1068,back bang
1069,perfect
1070,never met anyone sp music always makes feel like best friends lovers music us
1071,loss words writing comment give gem traction
1072,vibe room definitely advertised love yall
1073,really playing music thats divinity
1074,astounding piece art musicianship writing videography colour grading masterpiece truly incredible
1075,god
1076,absolute insanity perfection huge fan snarky puppy surpassed expectations music upcoming album unbelievable level talent camaraderie band mark lettieri hit home run tune rhythm section tight hell gotta love shaun martin getting spiritual end
1077,nice smooth jazz
1078,simply never fail stunning
1079,great cool
1080,dying
1081,anyone comments jaga jazzist fan
1082,
1083,sax solo sure reminds legendary solo pink floyd time low notes jumps reminiscent mean compliment love solo could also underlaying harmony
1084,man money would given room
1085,wow thought half amazing post credits sequence
1086,je vous ai attendu ans depuis curtain ever magic usual merci bravo
1087,hey bill laurence osmose another great fun track
1088,amen
1089,bombbbbbbbbbbbbb
1090,first seconds snarky puppy lovin
1091,incredible group humans love
1092,best snarky puppy song released
1093,snarky reminding us even peaked yet
1094,oh must mostly tour europe
1095,man crowd lot white men beards bobbing heads white man beard bobbing head
1096,praise break never happened
1097,good stuff many redundant instruments
1098,sick hell
1099,snarky puppy praise break taken church ready
1100,amazing everyone killed
1101,mike trumpet sounds absolutely unreal
1102,yes
1103,
1104,fucking fantastic song love synth stab chords amazing keyboard solo end w h omegalul tf
1105,stanked face minutes straight
1106,virtuoso maestro overlords privileged around incredible listen always
1107,shaun martin dancing clapping along vibe
1108,soooooo happy yet sooooooo sad see nard end smile dance fantastic
1109,history going thanks bass clar
1110,man great sound
1111,great hear bass clarinet fits mood perfectly
1112,gives major brecker brothers vibes
1113,first groove almost like musical trust fall something little scary dangerous still follow along get groove like getting beach walking jungle
1114,incroyable
1115,crazy
1116,groove
1117,whoo hoo
1118,come nobody told new snarky puppy album aaaaaaarrrrrhhhhhhhh
1119,one best live music experiences life song arguably highlight magical evening mark song composed beautifully thank guys gem anxiously wait whole album going get bikes weekend jam trinity riding paths along trinity
1120,first jefe trinity bravo mark
1121,
1122,one get attend concerts
1123,oh fuck
1124,perfect
1125,lucky enough sit two sessions watch incredibleness first hand excited see hear rest tracks massive album
1126,looking forward see u switzerland
1127,cant say enough excellence every level involved
1128,hey groundup music nyc see among pre order options empire central cd set available blu ray cd option maybe dvd cd able listen also watch beloved guys performing masterpieces
1129,meghan markle
1130,love wait see guys open steely dan atlanta next week
1131,chi yo
1132,great audio mix engineer
1133,sort sick sob places ad middle snarky puppy performance
1134,words describe thank making value gift hearing directly brazil
1135,damn getting older halt march time dammit want music end
1136,norme un pure bonheur vraiment des musiciens denfers
1137,handle groove sheeshhhhh
1138,nard
1139,aaaaaaaaaaaaaaaaaaaaaaaaaaaaaaaa
1140,favorite party snarky song shaun gives playing cause good
1141,oohhhhhhh
1142,adds getting hand yt straight ruin vibe insurance add right middle banger like
1143,sheeeeeesh
1144,best jazz fusion
1145,excited new album years
1146,love looking forward whole album seeing london october
1147,groooovveessss soo good
1148,wait three drummers real count right
1149,simply best band planet right
1150,artist signature prs guitar
1151,wow wow
1152,rest peace bernard wright
1153,snarky puppy made day
1154,please come back brazil
1155,absolutely huge
1156,makes happy many levels first snarky puppy much better great video production seeing fun real plus music sencond looking forward hearing new stuff ever since last album came third larnell board big win band favorite drummer also going see th october year already saw easily favorite concert ever lots catch live ever get chance sending love
1157,ooohhhh yessss made day
1158,one got nhl vibes
1159,awesome tune mark lettieri something like much mix master process much compression overall dark sound muddy drums missed hits groove cool
1160,love live recorded albums stoked see coming
1161,e l vem eles de novo fantstico
1162,one could argue drummers percussionists keyboardists guitarists much see playing virtuos player fun friends playing music everyone bringing makes unique one chord one sound effect play filled technique musical thought also tons joy time stop playing clap along cool
1163,damn groove good made yesterday leftover store bought gnocchi taste like finest dish prepared old nonna francesca beautiful italian village absolute chef kiss
1164,much love tokyo love guys snarky puppy
1165,jameson came back room okay groove literally never ending best ever spent
1166,que banda que som
1167,explain hyped album
1168,guys fanfabulous composition great play funky mother production amazing every little detail stands grittyness livetrack completely contained wow video production also got big notch lighting grading sooo tasty good job everyone cant wait rest drop con grats best per
1169,os melhores
1170,seeing nard joyous self end made tear special us dallas im glad able meet first time one recording sessions
1171,much funk much funk one music artist composer another fire
1172,love watching everyone crowd subdivides beat differently hah
1173,welcome back
1174,want life one people sitting studio
1175,outstanding always guys thank posting
1176,back live recording sessions yeah great tune great arrangements great groove congrats mark lettieri almost forgot one thing great mix
1177,oh god even possible give life deep powerful groovy music insane pure joy heart pure shaking booty supposed without ukrainian invasion thank music
1178,soooo good
1179,chords vibe
1180,love good half minute swamp monster intro funkiest shit ever heard
1181,everyone jamming guitar center plays song
1182,simplesmente uma obra de arte
1183,loved seeing great late nard end thank
1184,vamooooooo snarkyyyyy
1185,mind bending yet thoroughly enjoyable composition definitely need get album
1186,holy fuck felt song soul
1187,probably alone think electric guitar tone texture work interesting composition kudos mark guitar sounds generic lead tone pulls vibe almost instantly
1188,oh man low end kicks amazing feeling
1189,piece art love gonna discovering new things many many listens
1190,bruh brought drummers one
1191,lingus vibes without crazy solo
1192,holy shit man blessed soul waiting patiently album guys edit one compare tune good man deliver best blessed album tell friends since think exact form could wrong dunno see far pups come since back
1193,chris bass clarinet gave chills another level depth bravo snarky puppy
1194,data projects half jazz drummers us snarky puppy
1195,feel like slinked around haunted forest dove swamp viscous water thorny roots grappled ancient beast returned triumphant funky elf like people awesome song
1196,ofc mark wrote one lmaooo banger
1197,ohhhh back back back
1198,
1199,simply masterpiece party celebration life form music snarky puppy brazil loves
1200,expecting pure joyousness
1201,glad bringing us live recordings dynamic group incredible
1202,one wasted note rest stunning heart pounding chest listening
1203,time signature
1204,
1205,watching im getting shivers spine thats snarky puppy groovy juicy tasty nasty
1206,clearly new show ender along shofukan chonks love much
1207,wow
1208,seeing snarky puppy tonight steely dan tickets concert tulsa years ago ended call missed threatened wife going fly dublin hear live next tour date hate steve winwood dropped tour steely dan snarky puppy
1209,insane
1210,want see picture mixing table used impressive stuff congrats mixing recording staff
1211,rererere watched lingus yesterday today new snarky material lucky people witnessing
1212,never knew bruce banner hulk played guitar
1213,wish cory henry
1214,thank god im alive see
1215,song fucking everything like everything wanted fuck
1216,simply incredible
1217,groove thick generated black hole even make sense swear happened
1218,einfach wunderschn
1219,bark bark woof woof
1220,every man audience look like clone
1221,slapped sick solos healthy groove set way rock snarky puppy thanks another banger come back
1222,banger
1223,wow loved recently discovered snarky puppy fell love like glad see new upload hope plenty coming
1224,omg please tell bill gonna use osmose one tracks
1225,nice glasper cameo
1226,awesome time one though
1227,went straight church end
1228,nice see mark stepping cory wong
1229,blissful
1230,fliping estoy flipando
1231,trip insane
1232,gentlemen nasty waiting drop smh yall smashed wait rest album letsgetit
1233,dude mix insane guitar talkbox doubling subtle perfect everyone comes right need props engineers classic snarky puppy song already
1234,groove nastyyyyy
1235,strong feeling miles
1236,absolutely phenomenal puts smile face
1237,yes please
1238,back live recordings feels good
1239,anywhere anyplace world anybody find gold life move give everyone meet love im indescribably joyful found many many many thanks pure awesomeness snarky puppy
1240,make space couple
1241,felt shaun
1242,excellent
1243,sounds great dudes pleasure hearing new stuff woodlands last week looking forward new album
1244,awww yeah theyve back
1245,snarky puppy art bringing musicians room everyone knows place mix amazing production recording
1246,lets goooooooo
1247,thanks god exists
1248,bernard
1249,people need hear absolutely mindblowing organization creativity goes projects
1250,freakin good
1251,good
1252,pure musical exploration best love snarky puppy always forever
1253,michael league time upgrade better bass man cant hear mix
1254,shaun martin
1255,track groove double vinyl hip cats swell
1256,first time heard mike play slap bass also horn lines insane beautiful song mark
1257,jesus christ mark
1258,track might best dolby atmos spatial audio mix ever heard apple music sure check super hyped album
1259,like part also doubt add everyone band absolutely phenomenal
1260,increblemente mgico como siempre
1261,whole intro section absolute atmosphere
1262,love fuggin band much
1263,man great thing see pop cap birthday insanely groovy vibes always looking forward september
1264,groove one deeper wherever pennies get lost inside couch heck yeah
1265,yooooooo early one gotta love jazz fusion
1266,ce ta doido vei brabissimos
1267,mark gets one solo
1268,listening guys lot lately hyped new music
1269,best music
1270,long since weve graced one videos
1271,simply phenomenal
1272,follow orquestrapopular
1273,world made right even minutes ill take
1274,music always help gain focus calm especially studying thank
1275,c mon bill
1276,amazing good
1277,able sit insane waiting months hear hard thankful moment right
1278,wow huge group jazz funk superstars guys always make day
1279,making snarky live video definitely bucket list item checked
1280,awwww yea mark song single night show fuck yeeaaaaaaa
1281,rip dave smith
1282,holy shit
1283,roots
1284,awesome
1285,aspire live life like man
1286,vibe
1287,thank god new snarky puppy breathe
1288,slaps
1289,win listen instead binky mornings groovy way start weekends love guys hi shaun way
1290,excited proud patron labellove guys much
1291,love bottom guy reaction reacted way
1292,seeing guys cincinnati week wait former drummer still trying wrap head around two drum sets work together
1293,thank wonderful track foresee many many views future one best musical groups planet
1294,ear responsable ear radiant irresistable irrecusable
1295,feels good yikes
1296,super excited first video drop empire central amazing courageous mark lettieri composition tune starts bass clarinet set texture winner book wait drops empire central
1297,back roots live album recording today feel lucky alive
1298,nice
1299,expecting go hans zimmer happy
1300,watching yall show kc yall killing lol
1301,yess sirrr
