,COMMENT_ID,AUTHOR,DATE,CONTENT,CLASS,video_id
0,z13uwn2heqndtr5g304ccv5j5kqqzxjadmc0k,Corey Wilson,2015-05-28T21:39:52.376000,"<a href=""http://www.youtube.com/watch?v=KQ6zr6kCPj8&amp;t=2m19s"">2:19</a> best partÔªø",0,KQ6zr6kCPj8
1,z124jvczaz3dxhnbc04cffk43oiugj25yzo0k,Epic Gaming,2015-05-28T20:07:20.610000,wierd but funnyÔªø,0,KQ6zr6kCPj8
2,z13tczjy5xj0vjmu5231unho1ofey5zdk,LaS Music,2015-05-28T19:23:35.355000,"Hey guys, I&#39;m a human.<br /><br /><br />But I don&#39;t want to be a human, I want to be a sexy fucking giraffe.<br /><br /><br />I already have the money for the surgery to elongate my spinal core, the surgery to change my skin pigment, and everything else! Like this post so others can root me on in my dream!!!!<br /><br /><br />Im fucking with you, I make music, check out my first song! <a rel=""nofollow"" class=""ot-hashtag"" href=""https://plus.google.com/s/%23giraffebruuh"">#giraffebruuh</a>Ôªø",1,KQ6zr6kCPj8
3,z13tzr0hdpnayhqqc04cd3zqqqjkf3ngckk0k,Cheryl Fox,2015-05-28T17:49:35.294000,Party Rock....lol...who wants to shuffle!!!Ôªø,0,KQ6zr6kCPj8
4,z12pcvix4zedcjvyb04ccr1r0mr2g5xwyng0k,PATRICK_TW,2015-05-28T16:28:26.818000,Party rockÔªø,0,KQ6zr6kCPj8
5,z13rcnlyamexujnf022vcrb5qouetpjz404,Brian Brai,2015-05-28T08:58:10.905000,ShuffleÔªø,0,KQ6zr6kCPj8
6,z13oe5si1ouygx2dv22vcrb5qouetpjz404,Brian Brai,2015-05-28T08:57:27.399000,OmgÔªø,0,KQ6zr6kCPj8
7,z123izobdqqyszmsx231cfuahxfjwjmpk04,Alex DeFeo,2015-05-28T04:15:22.615000,This song is just really fun Ôªø,0,KQ6zr6kCPj8
8,z13ghh0z5z3li1q1i22jdjma0xn2z535404,Giovanni Jimenez,2015-05-28T03:52:56.877000,Awsome<br />Ôªø,0,KQ6zr6kCPj8
9,z13lwnoznomnynobc04cd5oylkz4vbngkhk,Silvia Bascur,2015-05-28T03:26:23.957000,wow!!!!!! increible song!!!!!!!!!Ôªø,0,KQ6zr6kCPj8
10,z12wctyrfvndsj32n23yhrhrxlyiulpcn,Michael Whiteside,2015-05-28T03:08:19.077000,I love this song so muchÔªø,0,KQ6zr6kCPj8
11,z12qgle4jsutshh1422kwjzwdkneerd4004,yenis mar√≠a Rodr√≠guez,2015-05-28T01:14:19.847000,2015 LIKEEEÔªø,0,KQ6zr6kCPj8
12,z13rtrlxatfpfruxj04cd1hbizb4hv5jmf0,Alex Martin,2015-05-28T00:37:36.183000,I miss when people dressed like this.Ôªø,0,KQ6zr6kCPj8
13,z12luhmz2trvu1s0y22xyfhq2lbgwhkxm04,Alex Jansen,2015-05-28T00:04:06.940000,2011- the last year of decent music.Ôªø,0,KQ6zr6kCPj8
14,z12afxix2xnyhxaon04ccdtofrj3h10ygrk0k,Aiden Hill,2015-05-27T23:10:57.437000,Best song ever!!!!Ôªø,0,KQ6zr6kCPj8
15,z12rt5qylz3ny5qdv221epkhvsvxwlgjz04,joe pepin-leblanc,2015-05-27T22:19:11.429000,"super nice, love musiqueÔªø",0,KQ6zr6kCPj8
16,z12ogdfjckevwjtz504chrzytqeqthybckw0k,bilal kenno,2015-05-27T20:47:16.351000,wowwwwwwwwwwwwwwwwwwwwwwwwwwwwwwÔªø,0,KQ6zr6kCPj8
17,z13fzxmg0si1cpsc323silmpnpuasflls,SoulInChains00,2015-05-27T18:28:25.926000,PARTY ROCK (8) ~Ôªø,0,KQ6zr6kCPj8
18,z13xjvjgxqbcgdeni22wxfroqsvutpyb004,Ph∆∞∆°ng Linh Nguy·ªÖn Ng·ªçc,2015-05-27T17:28:08.014000,Thumbs up if you watched it in 2011Ôªø,0,KQ6zr6kCPj8
19,z12nf31pdvqmjdoyt04cdn3xzvajgrihnfo,Gonzalo Ferrare,2015-05-27T16:50:10.276000,this is increideblÔªø,0,KQ6zr6kCPj8
20,z12uwpdgeqnex5wwi04cjlkotmfeuv54zzk0k,‚Ä´◊ê◊°◊£ ◊©◊û◊©‚Ä¨‚Äé,2015-05-27T16:06:08.781000,LMFAO!!!!!!!!Ôªø,0,KQ6zr6kCPj8
21,z125v3ozoqenvthaz04cdtajsmzwgxkwxug0k,Henri Kameron,2015-05-27T15:44:45.019000,just :( superr!!!Ôªø,0,KQ6zr6kCPj8
22,z12eg5zqxqbdfdzcn22uwxoqxovhhz1ke,Lukas Ogonowski,2015-05-27T14:01:10.337000,2015!! LLIKEE!!Ôªø,0,KQ6zr6kCPj8
23,z13yyrro2wmcshswh04cd3saivu1xdprerk0k,LoL Games,2015-05-27T13:37:19.404000,Yeah! Let&#39;s start the party!Ôªø,0,KQ6zr6kCPj8
24,z13ew5agxpmnifz3223ljn1rtvidtj0fp,snsddien,2015-05-27T13:17:02.665000,This awesome song needed 4 years to reach to 800 mil views while Tango Switch bitch needed 1 year. its not fairrrrrrrÔªø,0,KQ6zr6kCPj8
25,z13lhzyb0wmyfftcb22pdbg5swe3xlxds,ulvi ualiyev,2015-05-27T10:49:29.568000,NICE GIRL :DÔªø,0,KQ6zr6kCPj8
26,z134xhhpulz0snlai04cehqhosvst3lxbss0k,TransFormersAddict11,2015-05-27T10:45:17.666000,I remember back when this was so popular everyone on our school was shuffling it was crazyÔªø,0,KQ6zr6kCPj8
27,z13thxlwoy2qftuh204cgvvg3yvpyfbgvvc0k,Brandon Richards,2015-05-27T10:35:17.730000,LMFAO!Ôªø,0,KQ6zr6kCPj8
28,z12rif2ypuzofjo0s22se3e5dzrnznq2z,Jared Acevedo,2015-05-27T03:47:34.735000,Super awesome video<br />Ôªø,0,KQ6zr6kCPj8
29,z13xc5v4hkbfdvgpb04ccz0zkrujib4a23c,Paul Crowder,2015-05-27T00:34:43.591000,JUST DANCE 3 üòÇüòÇüòÇÔªø,0,KQ6zr6kCPj8
30,z13fhbspolbawj5tn22bsbw5ynvlt1kku,Paul Crowder,2015-05-27T00:33:53.183000,"This Will Always Be My Favorite Song<br />But My Favorite Part Is <a href=""http://www.youtube.com/watch?v=KQ6zr6kCPj8&amp;t=3m40s"">3:40</a>-<a href=""http://www.youtube.com/watch?v=KQ6zr6kCPj8&amp;t=4m11s"">4:11</a> In The Video Ôªø",0,KQ6zr6kCPj8
31,z133wlxihmr0xzicr224gfj53tnhxlxmg,keonte moore,2015-05-27T00:25:35.792000,Party Rock<br />Ôªø,0,KQ6zr6kCPj8
32,z120tv4aborbjtpuo22ecxvx2rqmsrhck,Paige Lebrun,2015-05-26T23:25:22.172000,"LMFAO - Party Rock Anthem ft. Lauren Bennett, Goo‚Ä¶: <a href=""https://youtu.be/KQ6zr6kCPj8"">https://youtu.be/KQ6zr6kCPj8</a>     <br />BOX MAN GOT SOME MOVES! :D HE MAKES MEH SMILEÔªø",0,KQ6zr6kCPj8
33,z13wxrejjparwzku322ytdjamub5y5glg,EDWARD  PALMA ,2015-05-26T22:40:08.281000,This the best song i ever hire<br />Ôªø,0,KQ6zr6kCPj8
34,z12sfpazjvv3s3tss23hdhgacwasjjemb,breathinsoul,2015-05-26T22:21:28.011000,"Its funny that Mahogany is there lmao, I actually didn&#39;t know that her brother and uncle are part of LMFAOÔªø",0,KQ6zr6kCPj8
35,z13gfxxpcpemtbfru04cgnobbqraszrowpc0k,lol Ippocastano,2015-05-26T20:35:37.090000,"Party rock anthem is love,party rock anthem is lifeÔªø",0,KQ6zr6kCPj8
36,z13nfjwhmzyfthozy04cgnobbqraszrowpc0k,lol Ippocastano,2015-05-26T20:33:36.195000,"Stop,is a very TOP 1Ôªø",0,KQ6zr6kCPj8
37,z12lgx5xhnj2sdsy004cdhooyvfvd314dyk0k,goofygroova16,2015-05-26T20:03:52.314000,Ahhh back when my life didn&#39;t suck...Ôªø,0,KQ6zr6kCPj8
38,z134ejc5qo2tinqb404cezl4ayq5cprwoqw0k,Boa Hancock Amelia Caria,2015-05-26T20:03:08.241000,Party rock! XDÔªø,0,KQ6zr6kCPj8
39,z12qgp2yvnbvx3wf1222idfjcybhhzl3d,eli≈°ka ≈æ√°kov√°,2015-05-26T19:59:04.606000,CUTE¬† :)Ôªø,0,KQ6zr6kCPj8
40,z13vg3dgkqjycpttg23bvl2pwzzzwnteo,Ciasteczko ;*,2015-05-26T17:56:36.413000,LMFAO best songs ever!Ôªø,0,KQ6zr6kCPj8
41,z12sulyo4qmyjvjvm23tznvzfnboetfuj,LikeüëëAüëëBoss (Chloe that pony lover),2015-05-26T16:56:19.780000,"I fuckin love this song!<br /><br /><br />After, I&#39;m sexy and I know it Ôªø",0,KQ6zr6kCPj8
42,z13ydf2g2z3lz1ids22zy50ocn2hvxfn2,FERTHEBOSS1,2015-05-26T16:54:58.587000,they Shuffle hard that they made an Earthquake in NepalÔªø,0,KQ6zr6kCPj8
43,z12ghl3g3lfvsz5lh223u10jnyvgflune,Madagascar Tropic Voyage,2015-05-26T16:02:07.100000,NiceÔªø,0,KQ6zr6kCPj8
44,z12re1q41uvxf3lkf22zzpdo4mj2cflxq04,Gulam Maulana,2015-05-26T15:46:26.833000,still.. this reminds me of 1 years back when i was do shuffle everydayÔªø,0,KQ6zr6kCPj8
45,z13sunj4vkyqwdwsq23jcvrpepyegzwrb04,Tyrone Wilson,2015-05-26T14:41:43.931000,Love this song makes me wanna dance! Ôªø,0,KQ6zr6kCPj8
46,z12hh3bobpvle1mvt22icnvommzjjxaup,Ahmed al rawahi,2015-05-26T13:14:11.830000,that time in 2011 where this shirt was coolÔªø,0,KQ6zr6kCPj8
47,z13jihf5luz0s5nlj22usvaquqeyvxk2u,Merle Walton,2015-05-26T12:53:14.308000,Love this video and the song of courseÔªø,0,KQ6zr6kCPj8
48,z13fzt0pzle4dlczg04cfd3yonqhfrva3bs,Jenna Metchooyeah,2015-05-26T12:31:06.611000,Check out this video on YouTube:Ôªø,1,KQ6zr6kCPj8
49,z13df5jp4umzg3jhw04chniaxlviirc4hqs0k,Tominke Urbanƒçok,2015-05-26T12:29:11.663000,Very Nice !!!<br />Yeah Fucking.Ôªø,0,KQ6zr6kCPj8
50,z131jxyx5lameffkt23qfhsb4weazhxxg04,thebayareapimp,2015-05-26T12:04:50.454000,WELL THIS DUDES FADED THE FUCK OUT!Ôªø,0,KQ6zr6kCPj8
51,z12cffepsub4gv5z204cjn5zykntdz45ygk,Meneer Mandje,2015-05-26T11:51:10.891000,Ah. Good old times (:Ôªø,0,KQ6zr6kCPj8
52,z131uxqp3qawzxohf04ce3njbzawyjyhbuw0k,No Name Ass Fuk,2015-05-26T11:13:20.537000,old and good songÔªø,0,KQ6zr6kCPj8
53,z125ed041z3phrqsu234vljydn35jhadw,hassan laidli,2015-05-26T09:23:16.049000,coolÔªø,0,KQ6zr6kCPj8
54,z12lzlsxewzbihrvl23jibxpttjxcrv04,wanderer damion,2015-05-26T08:19:38.276000,not 2 million view anymore :))Ôªø,0,KQ6zr6kCPj8
55,z13dun5iruvhx3ryi04cgjkq1nqhhp2p1p00k,Jipi Tr·∫ßn,2015-05-26T07:16:51.245000,GoodÔªø,0,KQ6zr6kCPj8
56,z13rhxvopkjkxp1kr23xfrio3oyttbvuq,Xan Harmer,2015-05-26T06:19:34.669000,Check out this video on YouTube:Ôªø,1,KQ6zr6kCPj8
57,z12ntfuinv2kjvjtr220szfjmru0ydt13,Jessica Benavides ,2015-05-26T04:15:04.528000,Check out this video on YouTube:<br />Ôªø,1,KQ6zr6kCPj8
58,z120zd0iryyxgfsnh22zxxqq1q3pjf5et,ShockMinerX,2015-05-26T02:03:46.816000,Remeber the good ol&#39; days when songs weren&#39;t about butts.  Ôªø,0,KQ6zr6kCPj8
59,z12lfltwkq2cv1gft22aslh5hwyjgtzto,marie smith,2015-05-25T22:01:29.580000,You are the music heroüòçüòéÔªø,0,KQ6zr6kCPj8
60,z13hxdr5uvbsintfz22uddk4imbkcp20h,Mattkrewe,2015-05-25T20:36:42.681000,i was born in the wrong generationÔªø,0,KQ6zr6kCPj8
61,z13nctv5kwyetr3q504ce3443mqbhns4xu40k,janet rangel,2015-05-25T18:11:22.048000,Love this song makes me wanna dance! Ôªø,0,KQ6zr6kCPj8
62,z12cylxbfwfxijrbs04ce3443mqbhns4xu40k,janet rangel,2015-05-25T18:03:46.138000,Love this song makes me wanna dance! Ôªø,0,KQ6zr6kCPj8
63,z12rtnfbgv2jwdj4q04cefeaqxevh5ogpwg0k,–†–æ–∑–∞ –ì–µ—Ä–º–∞–Ω,2015-05-25T17:09:31.831000,Very good! Like! :DÔªø,0,KQ6zr6kCPj8
64,z13wtxlwqlfizpaiq04cixs4eon3ez5xeaw,Andy FunnyVideos,2015-05-25T16:33:18.843000,"the views...... They&#39;re over 90,000!!!!!!!!!!!!!!!!!!!!!!!!!!!!!!!!!!!!!!!!!!!!!!!!!!!!!!!!!!!!!!!!!!!!!!!!!!!!!!!!!!!!!!!!!Ôªø",0,KQ6zr6kCPj8
65,z13ezbtpzujggwcckyy0cljbfkn0zbkk1,Gaven Purdin,2015-05-25T16:30:30.753000,love lmfao party rockin keep it goingÔªø,0,KQ6zr6kCPj8
66,z12hy3mipnupwbelu23bxloz0uyutfhql04,Martin Dushkov,2015-05-25T12:24:17.075000,Best Music Ever!!!Ôªø,0,KQ6zr6kCPj8
67,z12pxvow0mzfj3mvx22hv3eqslmuvl4w304,Ernad Smailovic,2015-05-25T07:44:47.054000,LikeeeeÔªø,0,KQ6zr6kCPj8
68,z12ycjvh3nbqulnmr23tyv45pubiexurd04,nienke de kimpe,2015-05-25T07:14:26.531000,CoolÔªø,0,KQ6zr6kCPj8
69,z13jvndqyr2zjzpxo04cij4pdva4yhqzlq40k,D Maw,2015-05-25T05:43:54.048000,Remeber when this song was goodÔªø,0,KQ6zr6kCPj8
70,z122wfsbyvfeip0wl04cefjz1svzcd25vqg0k,jesus sanchez,2015-05-25T05:37:32.023000,2015 &lt;3Ôªø,0,KQ6zr6kCPj8
71,z13lutxw3tnfj3fgg04cfrwgolm1ftzp2ug0k,Chibi Chan,2015-05-25T03:11:56.180000,i want to be that robot guy...Ôªø,0,KQ6zr6kCPj8
72,z12pd3wq0p3wzzt5p04cd33pwnrreduadn40k,Brianna Reed,2015-05-25T03:02:02.615000,I LOVE YOUR SONGSÔªø,0,KQ6zr6kCPj8
73,z13yd544duyufvy1h22mhplzskveejjl3,Lemon Slices,2015-05-25T02:12:17.753000,Omg it&#39;s going to have 1bi views!Ôªø,0,KQ6zr6kCPj8
74,z12sh3g5bxeczzrpw04cg3vatpv5cphzbok0k,Georges EIrani,2015-05-24T23:52:38.563000,Dance :)Ôªø,0,KQ6zr6kCPj8
75,z13jszkr5ka1e5s5204cetkg3mnazbb5zcc,Paul Garza,2015-05-24T17:13:37.700000,Check out this video on YouTube:Ôªø,1,KQ6zr6kCPj8
76,z12vtxzqskzlupozn04cdjdpvrvctxjpn0c,ignacio diaz palma,2015-05-24T16:10:47.020000,5 years... Ôªø,0,KQ6zr6kCPj8
77,z121hxvwrz35e1udw22lh5objyf1wxefn,Amanda Ludwick,2015-05-24T15:54:08.016000,cool cool cool cool cool cool coolÔªø,0,KQ6zr6kCPj8
78,z12avxpx4t3xib0fq225jvlbdnqfh320y,Eliana Guzman,2015-05-24T15:47:50.071000,Wow I love it Ôªø,0,KQ6zr6kCPj8
79,z122ixhpoqn3i3s5u04chxvxqtr0dns4gqs0k,Kenster,2015-05-24T11:54:19.170000,Who knows the name of that girl?.. and that one.. and that one...Ôªø,0,KQ6zr6kCPj8
80,z13yydnzzta0frsum23rx31imxmdfn4t3,Baptiste Blomme,2015-05-24T11:35:58.714000,Why did they stop their career in music? This music rocks !Ôªø,0,KQ6zr6kCPj8
81,z12ctjfqtz3gjtgqj04chrbxtxutf5dh310,Franklin Music,2015-05-24T02:53:52.667000,Very Nice !Ôªø,0,KQ6zr6kCPj8
82,z13lfhwrjweyxzs4c04cgxwywsvyw3zhexg0k,Salvador Sanchez,2015-05-24T02:28:34.605000,Why sooooo many downs?Ôªø,0,KQ6zr6kCPj8
83,z13fvlhr2lzfflguw22hd5rjckihspgwt04,crazy girl,2015-05-23T23:26:05.305000,tension‚§¥Ô∏é‚§¥Ô∏éÔªø,0,KQ6zr6kCPj8
84,z133wn2qulv5zz45q04cc10qbqv3gts5e3w,Sana Kashif,2015-05-23T20:55:07.056000,NiceÔªø,0,KQ6zr6kCPj8
85,z13sjlb4rrjmdd2tl23cidlblkizefxvx,Yuliana Andrea  Caucali Acosta,2015-05-23T18:59:07.686000,2015<br />I like videoÔªø,0,KQ6zr6kCPj8
86,z12uzb3oxy23cbikz23qsjczaxz5wh1t5,luisel Tutoriales Gameplays (luisel Tutoriales),2015-05-23T18:56:07.484000,music yeahÔªø,0,KQ6zr6kCPj8
87,z12jvb5gsrnmebqqv04cg11jwtmdwfdx1jw,_ OMGiTzLeo _,2015-05-23T18:15:32.442000,Like this in 2015! :DÔªø,0,KQ6zr6kCPj8
88,z12bivpo3navshouw23tixb5imayt1xqt04,Lizz Seamore,2015-05-23T16:34:57.143000,This was such an epic track. And the video is awesome!Ôªø,0,KQ6zr6kCPj8
89,z12jf1h5lznmuhcuw22ruxdyxp2eh32ch,irving echeverria,2015-05-23T16:16:34.285000,LIKKEEÔªø,0,KQ6zr6kCPj8
90,z12tgphxmvmizr5h104cjzr5rle3tftgch0,joann belin,2015-05-23T16:13:56.684000,give it a likeÔªø,1,KQ6zr6kCPj8
91,z12njt2xmsb2jpbp104ccz3xiwfzflriujo,Powpie Cheers,2015-05-23T13:58:07.199000,Lets partyÔªø,0,KQ6zr6kCPj8
92,z13tsligxuffvrxkz23qibyydnbagphm2,Terry Short,2015-05-23T11:46:55.624000,"Support the fight for your 4th amendment right to privacy in your home and business. Stop the NSA spying on Americans with the un Patriot Act Renewal. Rand Paul has spent 10.5 hours on the Senate floor in a Protest and Filibuster fighting for our¬† Constitution that this Nation is founded on. Join the fight at Rand Paul dot com. Spread The Word. We Have Someone That Cares About Our Nation.¬† Email your Senators, Congress men and women, tell them to support Rand. Tell the news to support Rand too. Senator Rand Paul was up until <a href=""http://www.youtube.com/watch?v=KQ6zr6kCPj8&amp;t=1m00s"">1:00</a> am this morning fighting for our Constitution.Ôªø",1,KQ6zr6kCPj8
93,z13fehihaneyzh3wp04cfxrwkyfkwvgoex00k,pratik patel,2015-05-23T05:28:49.504000,"mindblowing dance.,.,.superbbb songÔªø",0,KQ6zr6kCPj8
94,z12ldxsqzsvvwf5h404cjh5ooxincztrles,Tiona Mayo,2015-05-23T04:03:15.720000,Anyone else think this video theme is a bit of an insult to 28 days later? Ôªø,0,KQ6zr6kCPj8
95,z12lfnvjjm3vi1fsx23mdjc5rpu3x3kox04,Jd Hurst,2015-05-23T01:50:08.642000,Check out this video on YouTube:Ôªø,1,KQ6zr6kCPj8
96,z13qwl2rznzohbhqy04ch3cy5tnihrkhlt40k,Thejaynetts,2015-05-23T00:53:59.385000,Never get old Ôªø,0,KQ6zr6kCPj8
97,z13rjvjx1qbrsf5ng233tbgyyxy2wroqu04,Ch√¢u Nguy·ªÖn (Michelle),2015-05-23T00:00:28.937000,I remember when this used to be so popular all around at the time.<br />I still love it.Ôªø,0,KQ6zr6kCPj8
98,z13lfpkzyzvoynqvi234g5ix3taoefr21,Roham 11,2015-05-22T20:42:29.523000,Strong messages in every  song I&#39;ve  heard.Ôªø,0,KQ6zr6kCPj8
99,z13jspr4tpe5cfofr23eftm4ivaigv1ju04,vipman yea,2015-05-22T19:29:46.566000,4 fucking years are fucking past so fucking fast fuck.....Ôªø,0,KQ6zr6kCPj8
100,z13bx3dxkuqafjtdo22dszzq4wy0sxxkq,sok piseth,2015-05-22T17:51:58.941000,I know it old song but (like) if you watching in 2015Ôªø,0,KQ6zr6kCPj8
101,z12fud04ypiisp4gu04ccbrobq2fzlbawsc0k,troll face,2015-05-22T16:27:17.041000,i&#39;m watching this on summer 2015Ôªø,0,KQ6zr6kCPj8
102,z12dfr5irwr5chwm3232gvnq2laqcdezn04,Carlos Rueda,2015-05-22T15:04:20.310000,I am going to blow my mindÔªø,0,KQ6zr6kCPj8
103,z12tevwo3qq4cxwv022vgxnx2senxvxar04,FunCircUS,2015-05-22T14:43:16.180000,And i¬¥m Shufflin still today :DÔªø,0,KQ6zr6kCPj8
104,z12nd5j4tofqu3r5104cirbicuj0v3pp51k,Waleed Khan,2015-05-22T13:54:59.712000,This is my favorite song ever love this Party Rock It Everybody!!!!Ôªø,0,KQ6zr6kCPj8
105,z124c10ohxvlx1mip04ccp3rqtetgp2qxhs,Tu·∫•n Anh Nguy·ªÖn Ti·∫øn,2015-05-22T12:31:53.438000,1000000000 views.Ôªø,0,KQ6zr6kCPj8
106,z13ucpgpwv2zw3wwr04ch5jj3ya1jtmq1g0,JR6GAMING,2015-05-22T02:08:09.304000,lets get it to 1 BILLIONÔªø,0,KQ6zr6kCPj8
107,z120t12qtr23etulr23rvzbyfyj1yfons,Mayen Dabuol,2015-05-22T01:59:18.387000,Love this soooooooooooooooooooooooooooooooooooooooooooooooooo muchÔªø,0,KQ6zr6kCPj8
108,z121tf4iwyrivvpsf232dhho5k33dvxy204,Carol Galvan,2015-05-22T01:37:18.791000,I love this song so muchÔªø,0,KQ6zr6kCPj8
109,z13uzb3zqoylw1kl022zidpqbn2tfpcjr04,Connor Mire,2015-05-21T20:47:08.673000,I&#39;m A SUBSCRIBERÔªø,1,KQ6zr6kCPj8
110,z13xxf3qlq2bxpm1o22zidpqbn2tfpcjr04,Connor Mire,2015-05-21T20:46:54.704000,This Song is AWESOME!!!!Ôªø,0,KQ6zr6kCPj8
111,z12cttv5iwv0ur3en221ih2zssbkfrczq04,Lolumad66,2015-05-21T19:41:48.565000,Best song ever made i swear :D i still hear even doe it old!! who else?Ôªø,0,KQ6zr6kCPj8
112,z12mzfsy0mypfvcy404ccdvqmyq5gzqazow0k,Nancy ‚ÄúAya‚Äù Lo,2015-05-21T19:16:44.104000,I came here because of Vanoss.Ôªø,0,KQ6zr6kCPj8
113,z13kvz3pluj4uv2es23ugvuytyftxbpb204,Tala sweet,2015-05-21T14:15:23.860000,Best song for everüíúüíúüò¢<br />Ôªø,0,KQ6zr6kCPj8
114,z12jjrfyukjlw5wyl04cddbo5pysslphbqs0k,Miix_MC,2015-05-21T14:01:01.480000,epicÔªø,0,KQ6zr6kCPj8
115,z12qd1vx5xjecxvxu04cevnpmmqve30jgrk0k,   Berty  Winata,2015-05-21T11:41:30.117000,"I like so much this music,  good Ôªø",0,KQ6zr6kCPj8
116,z13dv1fxtl20jhylo22pyx5gvme4wra1q,Shirley Donoso,2015-05-21T11:34:17.696000,Beautiful songÔªø,0,KQ6zr6kCPj8
117,z13ufhijoxrjsnrxz04chh3gzledzruyg2c,Aryan Khemka,2015-05-21T05:31:14.644000,Why do I feel like as if Gangnam style copied their song from this?!Ôªø,0,KQ6zr6kCPj8
118,z133xtoivnattvbm123idnoxlxryufnlg,LemonSpy_,2015-05-21T03:30:25.794000,"Damn, this was everywhereÔªø",0,KQ6zr6kCPj8
119,z13egr0zgknxttdyj04ci54ofzamcpuipng0k,Ice cream hero For AWSOMENESS!,2015-05-21T01:28:02.562000,Party time!Ôªø,0,KQ6zr6kCPj8
120,z13mgxsztmn1hpam223tcxbglvi2wpx4o04,Steven Sachel,2015-05-21T01:24:34.058000,never gets oldÔªø,0,KQ6zr6kCPj8
121,z13wz3sxqzv5u1axg04cepvrosylertw5xo0k,Nick Hardison,2015-05-20T21:46:43.674000,this song is fu cking awesom!!!!!!!Ôªø,0,KQ6zr6kCPj8
122,z13ms12adsbdjbdds23nctrqsq2qhtose,Angela Alor,2015-05-20T19:53:57.924000,HOW DO YOU PUT A PICTURE FOR YOUR IMAGE THINGIE?!?!Ôªø,1,KQ6zr6kCPj8
123,z12cjdywboihdxu5d04celsj0m2vjzrwk0k,DrPunkable,2015-05-20T17:39:26.476000,"okay, this should cover me for some time... Thumbs up if you&#39;re watching while youtube still exists.Ôªø",1,KQ6zr6kCPj8
124,z12mfpupfyqairrzh04cf5v5ppeldjha53c,shreyes taral,2015-05-20T16:57:09.940000,"This song is just insane.<br />Do you dance listening to this song?( i do, lol)Ôªø",0,KQ6zr6kCPj8
125,z13bdbmoqo3yurmfa22lznkpvqqkfl5fh,Smile day,2015-05-20T16:17:41.577000,:)Ôªø,0,KQ6zr6kCPj8
126,z12vsvqwqyjiinvj204cjjjyflbgvbsgtlg0k,Eduardo Salgado Uresti,2015-05-20T13:16:34.752000,Thumbs up if shrek is gay üëçÔªø,1,KQ6zr6kCPj8
127,z13rfjuxmtm3vd2eb23qi1brgq3ic5nxv04,Marshmallow Kingdom,2015-05-20T12:40:57.549000,THUMBS UP FOR ROBO GUY BABYÔªø,0,KQ6zr6kCPj8
128,z12byh5aau33evli204cits4yxmsht0qjrg0k,Marshmallow Kingdom,2015-05-20T12:39:21.201000,SERIOUSLY HOW DID THEY COME UP WITH THAT BEAT IT IS INSANELY GOOD HOLY FUCKÔªø,0,KQ6zr6kCPj8
129,z13wtxw41lucynljt04cits4yxmsht0qjrg0k,Marshmallow Kingdom,2015-05-20T12:38:04.230000,BEST PARTY SONG LITERALLY PARTY ROCK IS IN THE HOUSEE TONIGHT!!!!Ôªø,0,KQ6zr6kCPj8
130,z13tudczpxi5j1eun22zudooymblxxeup,Mary McCoy,2015-05-20T12:10:42.138000,MemoriesÔªø,0,KQ6zr6kCPj8
131,z133dbir3vbttld3122mdjtjyq3dc35z504,Ticci T√∏byyX3,2015-05-20T10:15:33.415000,I lovee it ‚ô•Ôªø,0,KQ6zr6kCPj8
132,z132ed545qrhytxr404ch1q43uuyzrdwnqs0k,Niecee Sumling,2015-05-20T07:52:09.296000,More views than nikki minaj AnacondaÔªø,0,KQ6zr6kCPj8
133,z12de5li5lzwcbblp23gc11zmli4t5r10,Dicky Tricahyadi,2015-05-20T05:49:45.161000,LMFAO IS THE BESTÔªø,0,KQ6zr6kCPj8
134,z133hrmoltquclguh23luxkq2w2zgj1vz,Daniel Cruz,2015-05-20T04:15:49.589000,Who else saw jesses dancing sorry if I spelled it wrong  peace‚úåÔªø,0,KQ6zr6kCPj8
135,z120ubqoukjxu1ktp22xfvexvyu3xzkbv04,Jasmin Lopez,2015-05-20T03:52:41.589000,I like how the robot shuffles he shuffles goodÔªø,0,KQ6zr6kCPj8
136,z12sub0pnwzlgnz0r23pwvaqtuveyxr1z,Blaze Blaziken,2015-05-20T03:50:29.098000,you cant stop the shuffleÔªø,0,KQ6zr6kCPj8
137,z12aczabeuzvhb0bg04cg35o2li0whbglss0k,Maria Lopez,2015-05-20T02:07:55.736000,Dang Dat little kid gat movesÔªø,0,KQ6zr6kCPj8
138,z125fx5glr2mwfycg22otzyjbvuod5yjx04,uncleltr,2015-05-20T01:50:18.209000,I miss this song. üò¢Ôªø,0,KQ6zr6kCPj8
139,z13twftbwk3qxl3gp04cgnob4ueot3pglok0k,creeperx 945,2015-05-20T00:31:13.204000,Loves itÔªø,0,KQ6zr6kCPj8
140,z12dhjqivqv3zvxwl04ccrs43v2wz1cbys40k,Bella Cullen,2015-05-19T23:21:48.011000,Check out this video on YouTube:<br />Gotta dance and just have a blast every time I hear this song !!!! Just ‚ù•love‚ù• it!<br />Ôªø,1,KQ6zr6kCPj8
141,z122wjt5wsi3xt25304cg1yrnxuxyluayuk0k,Insomniac,2015-05-19T23:17:19.120000,Man this song really does get in your bones - one minute I&#39;m nearly dosing off to sleep - the next I&#39;m shuffling like crazy with hot feet XDÔªø,0,KQ6zr6kCPj8
142,z12lxf34zybwv5siw04cftthhuiksxfjpjo,Deyanira  Urena,2015-05-19T23:09:27.619000,That shake and that golden and black robot were really partying Ôªø,0,KQ6zr6kCPj8
143,z131i14binnjjtrnn224e5yw5re0jxtmf,emrah England,2015-05-19T22:10:02.515000,Take a look at this video on YouTube:Ôªø,1,KQ6zr6kCPj8
144,z13jzdtr3nqkc5ooj04cilhxgzywzhfrnzc0k,Fire Ghost73,2015-05-19T22:01:54.036000,cooooooooooooolllllllllllÔªø,0,KQ6zr6kCPj8
145,z12sz3wprvyovr2sr235gbex2tewsbqwh04,Khadra Abdirahman,2015-05-19T17:13:17.961000,Wow;)Ôªø,0,KQ6zr6kCPj8
146,z13hhvtojxzvyl3oc04ci5pzaqjpynz5nvo0k,edge mango,2015-05-19T12:40:24.071000,"OH SHIT THIS WAS UPLOADED ON MY BIRTHDAY, finally my birthday isnt a curse, because on this day maylaysia airlines went missing, so i thought my birthday was a curse xDÔªø",0,KQ6zr6kCPj8
147,z13ledpiwqidu5iu022vy1yy3zntxnniz04,Pepe The Meme King,2015-05-19T03:50:16.935000,everyday I&#39;m shufflinÔªø,0,KQ6zr6kCPj8
148,z12nd53pxmacxb5wz04cfjsbvsjyjbqihvw0k,Pepe The Meme King,2015-05-19T03:49:29.427000,everyday I&#39;m shufflinÔªø,0,KQ6zr6kCPj8
149,z12gyripbnbehdria04ccn2jxlqkwjhqbio,Damn Son,2015-05-19T03:49:19.732000,Thumbs up if FE-FE-FE-FE-FEGELEIN brought u hereÔªø,1,KQ6zr6kCPj8
150,z13bixew2rvmfpxcx23mf3iwxmydd3qh104,Teo Wei Jun,2015-05-19T02:04:52.377000,Every day I&#39;m Shuffling !Ôªø,0,KQ6zr6kCPj8
151,z13gcbixunqogr2k4220fp1xcqz5svi0b,Heavyassmetalman,2015-05-19T01:37:24.873000,cool song ever good thing its hereÔªø,0,KQ6zr6kCPj8
152,z13jwbvxvoqje10yg04ccbx5lna5w5rr0tg0k,EraserMan2,2015-05-19T00:46:08.243000,why does the world not shuffle???Ôªø,0,KQ6zr6kCPj8
153,z13bvpnptyiuzjlr004cijkhguzvjlsjrpw0k,jen ven,2015-05-18T18:14:56.234000,"Love these guys, love the song!Ôªø",0,KQ6zr6kCPj8
154,z13ot51yusa1htugp04cffzh0knkz55ae4w,Alexis Dean,2015-05-18T15:00:30.430000,Its funny because I listen to rock and death metal. But i like this.Ôªø,0,KQ6zr6kCPj8
155,z133gz1qly2kit14004cgfuznyqezxay4uk0k,Georgina Riba,2015-05-18T14:57:49.390000,"Shuffling all the way with LMFAO! I like this one, wish I could shuffle like these crazy dudesÔªø",0,KQ6zr6kCPj8
156,z13ftvvprmqnijnrr04cgrej5paxhp3ionk0k,CHINMAY JANGID,2015-05-18T14:50:38.070000,5th most viewed video.. i guessÔªø,0,KQ6zr6kCPj8
157,z13duz4apzezupvmy22agxwikzizhrah304,JuanjoOMG,2015-05-18T13:48:51.649000,my favorite songÔªø,0,KQ6zr6kCPj8
158,z12tyfpzkznlghgqz04cjpsp3ymuil05t3g,sheerwill,2015-05-18T13:01:00.402000,I like this song<br />Ôªø,0,KQ6zr6kCPj8
159,z13zvnepkwvgirzi104cdf1pyyyecthieew,Ali Altƒ±nƒ±≈üƒ±k,2015-05-18T10:56:12.254000,Wow dance showÔªø,0,KQ6zr6kCPj8
160,z13cfr5o3mnyez4ju04ce3whmvflg1fifl00k,vieshva .d.exodous,2015-05-18T08:38:34.236000,AwesomeÔªø,0,KQ6zr6kCPj8
161,z12ojfkgxxrxurgvz23vxxjg2rabwlikn,Mason Pearce,2015-05-18T07:12:10.556000,like if ur watchin in 90000000000000000000000000000000000000000000000000000000000000000000000000000000000000000000000000000000000000000000000000000000000000000000000000000000000000000000000000000000000000000000000000000000000000000000000000000000000000000000000000000000000000000000000000000000000000000000000000000000000000000000000000000000000000000000000000000000000000000¬†¬†¬†¬†¬†¬†¬†¬†¬†¬†¬†¬†¬†¬†¬†¬†¬†¬†¬†¬†¬†¬†¬†¬†¬†¬†¬†¬†¬†¬†¬†¬†¬†¬†¬†¬†¬†¬†¬†¬†¬†¬†¬†¬†¬†¬†¬†¬†¬†¬†¬†¬†¬†¬†¬†¬†¬†¬†¬†¬†¬†¬†¬†¬†¬†¬†¬†¬†¬†¬†¬†¬†¬†¬†¬†¬†¬†¬†¬†¬†¬†¬†¬†¬†¬†¬†¬†¬†¬†¬†¬†¬†¬† 1Ôªø,1,KQ6zr6kCPj8
162,z12cgnpg1z2kydz5x04cg5djrte2zllprng0k,Cameron Raji,2015-05-18T04:20:48.086000,Good times. Ôªø,0,KQ6zr6kCPj8
163,z13cy1hhuzuuz3m3n23jhbo4bsylj1rt5,Fred Courroie,2015-05-18T02:58:22.855000,Laughing My Fucking Ass Off!!!Ôªø,0,KQ6zr6kCPj8
164,z13djfvhftzqdxlql04chviyzoroz52wroo0k,Blaze Rod,2015-05-17T23:01:41.901000,"when i see this back in 2015 i ask myself how people got to like this song. seems like Gangnam style copied this style though, might just be me but yeaÔªø",0,KQ6zr6kCPj8
165,z13suboizyjhsvsg004cj3iypry3hjewpss0k,connie cooper,2015-05-17T21:07:42.387000,wait I SAW A KID NOT KIDDINGÔªø,0,KQ6zr6kCPj8
166,z12hctzi5nvbxhcqu04civkgsujfeffxkvs0k,Donna Loyd,2015-05-17T19:58:38.281000,Party rock due and duelÔªø,0,KQ6zr6kCPj8
167,z12je1hpbmvbux4iu04cflvz1qiluvvawo40k,Chihiro Cross,2015-05-17T19:55:19.876000,fucking love it omg :vÔªø,0,KQ6zr6kCPj8
168,z13cdn1asl2jy5ceu23ssbvohmqcjxdw104,javiera fracisca labrin,2015-05-17T19:43:43.872000,this very good so I dance with some companions front of the whole schoolÔªø,0,KQ6zr6kCPj8
169,z12gwzbqipbzyt0dg232zfya0qzpudm0e,Vathanarajah Kunarajah,2015-05-17T19:36:36.955000,Check out this video on YouTube:Ôªø,1,KQ6zr6kCPj8
170,z13qfx0atsepgjsjn04cdniyxw21y3qqarg0k,chicharito fan,2015-05-17T19:35:44.075000,I could finally do the spongebob but I started yesterday XDÔªø,0,KQ6zr6kCPj8
171,z13jtruhmlzzznqps04cd5rrbl2uexth4to0k,Lorenzo Raggiante,2015-05-17T17:14:17.168000,Thumbs up if you&#39;re watching in 2015Ôªø,0,KQ6zr6kCPj8
172,z13ctjchczaqerw3i23aw3cbzqidflbb304,Naomi Rayner,2015-05-17T16:33:08.950000,I love itÔªø,0,KQ6zr6kCPj8
173,z12xdtdgitfgyxa0y23sxbvrwp3owpjgd04,Julien Paradise,2015-05-17T16:18:24.098000,"LMFAO - Party Rock Anthem ft. Lauren Bennett, GoonRock.Ôªø",0,KQ6zr6kCPj8
174,z13yu32w3mrltv3qk04cjztj2wmos54qfss0k,Emiliano Maldonado,2015-05-17T15:38:50.015000,I hate it when Laura Bennett comes inÔªø,0,KQ6zr6kCPj8
175,z13pxhrhjrjqfzifz23bttvrnrifc3nhf04,"TelePricol - FUNNY VIDEOS,–õ–£–ß–®–ò–ï –ü–†–ò–ö–û–õ–´",2015-05-17T14:02:31.882000,SUBSCRIBE TO MY CHANNELÔªø,1,KQ6zr6kCPj8
176,z12yyvhiywmvj305f04chz3hpyfpebypv5o,Sandra Barrett,2015-05-17T13:02:04.359000,Party in da üè† tonight üëêüëêüëêüëêüëêüëêÔªø,0,KQ6zr6kCPj8
177,z12kcnk5hsyvuv5sm22kfvapdk2of5poa04,Callum Hudson,2015-05-17T12:44:46.679000,Best for partying Ôªø,0,KQ6zr6kCPj8
178,z12tjp244my0yhxqs04cc5jqkybuvrywkjw,The Relaxation Den,2015-05-17T12:13:49.502000,omgÔªø,0,KQ6zr6kCPj8
179,z12wyrji5vvpjp1ux23ufr0pzojkz1fwk04,dan19752008,2015-05-17T11:50:46.223000,What&#39;s with the guys jacket? 1 sleeve and a sleeveless armÔªø,0,KQ6zr6kCPj8
180,z13lzzd4yrzbhzaez22gfnvw1nugw5k0h,OfficialBladeDoesGaming,2015-05-17T11:03:22.388000,Best song everÔªø,0,KQ6zr6kCPj8
181,z13wg12iskysxzuhi04cdhcxam2wdxfi4hk,Nina Mackie,2015-05-17T09:07:30.578000,Take a look at this video on YouTub<br />YouÔªø,1,KQ6zr6kCPj8
182,z13mdf1oeo3ddhrdg23sxtdw4mzmwdbsd,adish Newar,2015-05-17T08:21:37.091000,i like this steps...Ôªø,0,KQ6zr6kCPj8
183,z13pdz0imlendr3es23zsv5iflbewhedb,Lxflys yolo,2015-05-17T03:57:28.997000,Let get this video to one billion viewsÔªø,0,KQ6zr6kCPj8
184,z12kcfcxyvb1cxhls220s3g4jlrtuppxg04,Eli Zabeth,2015-05-17T01:14:28.368000,In my head this is like 2 years ago.. Time FLIESÔªø,0,KQ6zr6kCPj8
185,z131i5aanxneixud422egfx4rsmugbpm1,NoName,2015-05-17T01:07:13.243000,"870,000,000 views...566,000 comments...oh my lantaÔªø",0,KQ6zr6kCPj8
186,z132jt25frfdihz4304cjnnixqedsx2pvx00k, Ñ…õ…õ≈ãƒ±…õ ·É™…õ…õ≈ãƒ±…õ,2015-05-17T00:45:35.581000,Its 2015 and still shuffling to this songüé∂üéµüéßÔªø,0,KQ6zr6kCPj8
187,z13xzrkqqre1tvoop04cfnzgaurpgxugyt40k,vinh nguyen,2015-05-16T23:25:15.189000,Check out this video on YouTube:Ôªø,1,KQ6zr6kCPj8
188,z13evxpranjhwr20s22mux2pkk33gxjmn,Charlotte ‚ÄúCais‚Äù Blackstone,2015-05-16T20:54:22.455000,Who df is Lauren Bennett..Ôªø,0,KQ6zr6kCPj8
189,z125ynbaple1d13c322isreomnqfwlbpm04,„ÅØ„Çå„Åü„Çâ„ÅÑ„ÅÑ„Å≠,2015-05-16T20:51:51.477000,"So,coolÔºÅÔºÅÔªø",0,KQ6zr6kCPj8
190,z12hevg4xqi4gjfiy04cj3szcoqcwnhhjok0k,Matias √Ålvarez calderon,2015-05-16T19:10:09.761000,awesomeÔªø,0,KQ6zr6kCPj8
191,z122s1rwjlvzv3ybs04cglcyrnfatry5ku00k,Klaudija Horan,2015-05-16T18:39:56.140000,"This is so cool,why haven&#39;t I heard this before?Ôªø",0,KQ6zr6kCPj8
192,z13ttr3z1kybet3io04cfv2icvbtj3ro120,ZRSFirelordGaming,2015-05-16T18:17:34.524000,XD I WAS GOING CRAZY FUCKIN CRAZY WATCHIN THIS BRAHÔªø,0,KQ6zr6kCPj8
193,z12gg1xzcpijhj0s422ztz5iknucsduvl,Daisy Nieto,2015-05-16T18:16:00.954000,I shuffled while listening to this song. THE ILLNESS IS SPREADING!!Ôªø,0,KQ6zr6kCPj8
194,z12pgtzpkxugxrgvr234y53aaofptbql4,Alex Ramsey,2015-05-16T17:29:57.194000,Way was their a guy warring a robot head.Ôªø,0,KQ6zr6kCPj8
195,z134sxlwjxiwhzfet222vtfplljkunrsm,Elidet Rivera,2015-05-16T17:08:18.605000,like the songsÔªø,0,KQ6zr6kCPj8
196,z12yw1nglsawyxbjt04cfrzrtqiqxxsw2k40k,Xerota,2015-05-16T13:30:23.531000,"Almost 1 billion views, nice.Ôªø",0,KQ6zr6kCPj8
197,z12te1b55o3szl5xp04chxrpppunsxoaxgw,brick paterson,2015-05-16T13:24:12.909000,sorry to all my haters<br /><br /><br /><br /><br /><br /><br /><br /><br /><br /><br /><br /><br />for party rock enÔªø,0,KQ6zr6kCPj8
198,z12uftqhewi0v3ozj04cgnyylzjitrozgv00k,Pamela  Foster ,2015-05-16T11:42:37.704000,I like it<br />Ôªø,0,KQ6zr6kCPj8
199,z12wyr0hqtreu51mg22zf1zgvqavdvklk,Ashish Sachdeva,2015-05-16T02:11:43.099000,GoooooodÔªø,0,KQ6zr6kCPj8
200,z12cvnpwzrmncblfm230ejjwpzvetrgl5,ROBLOX Gaming,2015-05-16T01:54:31.334000,:3Ôªø,0,KQ6zr6kCPj8
201,z12vxdc50rqhilm4304cc3rrlyejfbgb0cs,Oscar Yovera Palacios,2015-05-16T01:24:57.701000,likeeeeeeeeeÔªø,0,KQ6zr6kCPj8
202,z13gelg50zuihd2bs04ccvojgrfvfrwjfmw0k,Liam Mcewan,2015-05-16T00:46:38.313000,shuffle!!!!!!!!!!!!!!!!!!!!!!!!!!!!!!!!!!!!!!!!!!!!!!!!!!!!!!!!!!!!!!!!!!!!!!!!!!!!!!!!!!!!!!!!!!!!!!!!!!!!!!!!!!!!!!!!!!!!!!!!!!!!!!!!!!!!!!!!!!!!!!!!!!!!!!!!!!!!!!!!!!!!!!!!!!!!!!!!!!!!!!!!!!!!!!!Ôªø,0,KQ6zr6kCPj8
203,z12xizopmzbch3dje04cibrzbqi2x54ptgk,Shaina Rodriguez,2015-05-16T00:20:41.387000,lol so funny love itÔªø,0,KQ6zr6kCPj8
204,z12pwrxj0kfrwnxye04cjxtqntycd1yia44,‚Ä´◊ê◊®◊ñ ◊ê◊®◊ô◊î‚Ä¨‚Äé,2015-05-15T19:46:53.719000,good partyÔªø,0,KQ6zr6kCPj8
205,z13kf5iwrofhglmk1231xreqhuu4xrwcl,Synchronized‚Ñ¢ Nightcore,2015-05-15T14:58:48.131000,Do not like this comment if you are not watching in 2004Ôªø,1,KQ6zr6kCPj8
206,z13dhbaigtyijdrwx04cizho1lfidrircjc,Nguyen Thanh Son,2015-05-15T12:57:45.957000,Check out this video on YouTube:Ôªø,1,KQ6zr6kCPj8
207,z13pgfty2nvaitsgd04cfbir1rfninn4auw0k,16ladydanger,2015-05-14T17:59:04.547000,Check out this playlist on YouTube:Ôªø,1,KQ6zr6kCPj8
208,z13ohniidsqhcjs1k22ti544qybadb25b04,reesekupp24,2015-05-14T14:10:58.987000,Check out this video on YouTube:Ôªø,1,KQ6zr6kCPj8
209,z12ojrnynma1j352o22ft1kx5s3xiprvx,Bradley beswick,2015-05-14T13:12:39.729000,share your thoughtsÔªø,1,KQ6zr6kCPj8
210,z13oyf1ben2sezqq504ci1i4ktees5aw0oc0k,Almohtarif Info | ÿßŸÑŸÖÿ≠ÿ™ÿ±ŸÅ ÿßŸÜŸÅŸà‚Äé,2015-05-13T17:15:41.261000,subscribe me plzzzzzzz plzzzzzzzzzzzzzzzzzzzzzzzzzzzzzzzÔªø,1,KQ6zr6kCPj8
211,z13ltz3bakrjfxxhx04ccvzhorbicrlrnt00k,Aquan Hall,2015-05-12T17:25:33.187000,"YouTube collaborator&#39;s anyone? subscribe to me, I&#39;ll subscribe back. I also will start uploading more YouTube videos.  <a rel=""nofollow"" class=""ot-hashtag"" href=""https://plus.google.com/s/%23LMFAO"">#LMFAO</a>Ôªø",1,KQ6zr6kCPj8
212,z13butni2oehuf10e22nslhgcxydyv4cj,Joe Ybarra,2015-05-12T06:07:23.379000,Guys lmfaois going to have a reunion on June/27/15 at expo Idaho gardens there going 2 performe live and there&#39;s going 2 be a press conference after to answer questions about were there been its all live on my channel I got publishing rights subscribe to my channel to watch the whole thing if u don&#39;t believe me look it up hope to see all u true fans there and yes it&#39;s free Ôªø,1,KQ6zr6kCPj8
213,z13oxrgicuueitsig04cijfwpunexhgyd3k,FreddyLegends Songs,2015-05-11T20:43:01.326000,IIIIIIIIIII LOVE THIS SHAKE IT SONG OH SORRY EVERY SHAKE IT SONG I LIKE WATCH SUBSCRIBE AND NEVER UNLIKE BROOOOO!!!!!!!!!!! SHAKE IT UPÔªø,1,KQ6zr6kCPj8
214,z12hv1bh4sidiji2m22mcpxxunqoyjfpz04,Ashton Larsen,2015-05-11T03:48:24.272000,Check out this playlist on YouTube:mÔªø,1,KQ6zr6kCPj8
215,z13zgnsz3qnac3xp204ci1kzyveqyfkz12o,Christy Bautista,2015-05-09T22:59:57.737000,Check out this video on YouTube:<br /><br /><br /><br />Ôªø,1,KQ6zr6kCPj8
216,z12sj5z4axu0zfuej22ccbexhuvcizgmj,dan reyes,2015-05-09T13:49:23.857000,Check out this video on YouTube:Ôªø,1,KQ6zr6kCPj8
217,z13xi3opxyetwjgct221hrwzgpaxfttwk04,zonZi,2015-05-09T13:09:17.453000,Who&#39;s watching in 2015 Subscribe for me !Ôªø,1,KQ6zr6kCPj8
218,z12at1g5dtmlf5ui304chtvhknbfcbiylqc0k,SHANE MINECRAFT,2015-05-09T01:25:16.018000,Come subscribeÔªø,1,KQ6zr6kCPj8
219,z13aud2q2nvduhzm522ohj5hxqudizs4p04,Patrik Gybka,2015-05-05T09:32:04.687000,SUBSCRIBE MY CHANNEL PLEASE LOL PRO PLAYS)Ôªø,1,KQ6zr6kCPj8
220,z13vu1mhmw3jzv5zr04cf5rr2xvdzxw4dcc,jenrry garcia,2015-05-04T17:13:41.103000,Check out this video on YouTube:Ôªø,1,KQ6zr6kCPj8
221,z12kxfdagp2hubhd122ddnaz3z2iupfw404,Renee Colley,2015-05-04T07:22:53.416000,Check out this video on YouTube:Ôªø,1,KQ6zr6kCPj8
222,z13md5uabuyschuvr22rx3fybuzczpdai04,Ori Yonay (EatDaPoison),2015-05-04T02:32:37.593000,I just wanna see how many people like this comment. I&#39;ll give it a month or so :)Ôªø,1,KQ6zr6kCPj8
223,z13wyl5pgmjgvj1rr04cfxfpjz22yfbwly00k,Malvin Baez,2015-05-03T01:39:03.193000,PLEASE DON&#39;T LIKE THIS COMMENT IF YOU ARE WATCHING IN 2015!!!!!!!!!!!Ôªø,1,KQ6zr6kCPj8
224,z12lj5vp4umotnlo004cg5fhpz2svlkaeyg0k,mariela guzman,2015-05-02T03:56:24.560000,Check out this video on YouTube:Ôªø,1,KQ6zr6kCPj8
225,z12kil5h2ujlyzgnc23qtzqyokqrc3301,Sinaloence LiveUniverseI,2015-04-29T03:58:06.452000,I like This Comment and do not kill :PÔªø,1,KQ6zr6kCPj8
226,z12twdioonizgpvdv22zwv1i1njct3hhc04,July Baby,2015-04-28T10:24:07.401000,Check out this video on YouTube:Ôªø,1,KQ6zr6kCPj8
227,z12gwxpqcqnoev1ow04cdvbwvla3xnuhs1g,NerdyQueen„Äà3,2015-04-28T01:07:30.541000,Check out this playlist on YouTube:Ôªø,1,KQ6zr6kCPj8
228,z12lgxdibmu3vd0tt23nh3k4gkathp1mj,Nana Diaz,2015-04-26T20:44:52.830000,Check out this video on YouTube:Ôªø,1,KQ6zr6kCPj8
229,z12iix3puuj5wxufw23fzrnybxqdy3v4s04,Josh Snow,2015-04-25T00:37:34.423000,Check out this video on YouTube:Ôªø,1,KQ6zr6kCPj8
230,z12gf55w4pr0ibswj04cfzyb4my1zbnjsps0k,Andrea Incollingo,2015-04-21T14:52:10.879000,Check out this video on YouTube:Ôªø,1,KQ6zr6kCPj8
231,z13phzg4gtbxtdo1o225ivwglz2wyf3vm,Sadie Pratt,2015-04-19T20:48:32.564000,Check out this video on YouTube:fb iÔªø,1,KQ6zr6kCPj8
232,z12ejj24lzmnwd5ex231czmjbmestruas04,HAGER KOTRY,2015-04-19T08:21:52.071000,ALL SCHOOL DROP OUTS I KNEW AS FRIENDS BEFORE THEY DECIDED TO DROP SCHOOL THINK THERE IS NO NEED FOR AN ID CARD OR A CERTIFICATION TO PROVE YOU ARE AN EDUCATED CLEAN IN CRIMINAL RECORD TALENTED PERSON TO WORK IN ANY ENTERTAINMENT FIELD WORLDWIDE. THEY THINK THEY COULD BE RICH ENTERTAINERS BY CONSOLIDATING WITH ACTORS / ACTRESSES AS WELL AS SINGERS FOR A SHARE OF PROFIT(S).Ôªø,1,KQ6zr6kCPj8
233,z13tfboihurwxtvh404citxyhomhjp5jqbc,jefflynnejp,2015-04-18T22:02:00.446000,Check out this video on YouTube: Ôªø,1,KQ6zr6kCPj8
234,z12edviawnfadzi0q221cl3gutv1utvty,devon smith,2015-04-18T16:15:24.463000,Check out this video on YouTube:Ôªø,1,KQ6zr6kCPj8
235,z12ssnxafveqfp2jj04chjxgxsf5d1pqxio,Trong Tan Trung Tran,2015-04-18T14:27:02.046000,Check out this video on YouTube:Ôªø,1,KQ6zr6kCPj8
236,z12tdhsicp3qubmdx23mehm5ipjnvdoyc04,‚Ä´◊î◊ô◊ú◊î ◊©◊ï◊î◊ù‚Ä¨‚Äé,2015-04-17T15:50:59.010000,Check out this playlist on YouTube:◊ô<br /><br /><br /><br />‚õ∫üè§‚õ∫‚õ∫Ôªø,1,KQ6zr6kCPj8
237,z12khbui5mqzd1wpg04cczdbnsuyep5bubo,Wendy Artiles,2015-04-16T00:20:37.792000,Check out this video on YouTube:Ôªø,1,KQ6zr6kCPj8
238,z13jgzngmnuhgze0e22ywxrjzqvltz4ay04,Claudia Guerra,2015-04-15T15:37:01.799000,Check out this playlist on YouTube:<br /><br />Ôªø,1,KQ6zr6kCPj8
239,z12hsxrbio20xj1x504cfrsylnzmwlcx4i0,Wayne Jackson,2015-04-15T11:00:09.313000,Check out this video on YouTube:Ôªø,1,KQ6zr6kCPj8
240,z13fux1zyqaeudaor04cfrsylnzmwlcx4i0,Wayne Jackson,2015-04-15T10:59:35.339000,Check out this video on YouTube:Ôªø,1,KQ6zr6kCPj8
241,z13kxv452pm1cjgx104civvjyknfvd1jh5w,Monica Parker,2015-04-14T01:39:41.391000,Check out this video on YouTube:Ôªø,1,KQ6zr6kCPj8
242,z12gctfjtpq4ybcdx23sshorsxrsx3ave,Victor Gamer,2015-04-13T02:00:20.152000,View 851.247.920<br /><br />¬†Best youtube Video<br />If Subscribe to My Channel please!<br />Thank you! &lt;3<br /><br />Melhor V√≠deo do youtube<br />Se Inscreva no Meu canal por favor!<br />Obrigado! &lt;3<br /><br />Mejor Video youtube<br />Si suscriba a mi canal por favor!<br />Gracias! &lt;3<br /><br />Meilleur vid√©o youtube<br />Si vous abonner √† Ma Cha√Æne se il vous pla√Æt!<br />Merci! &lt;3Ôªø,1,KQ6zr6kCPj8
243,z13ce33rgrihh5vzz04ch3oqllbsh1u4nkg0k,Jahmir Roberts,2015-04-12T17:00:09.472000,We can have a party next shareÔªø,1,KQ6zr6kCPj8
244,z12idnt4plzphv3jx04cd5jxoqjkzfxxsf0,THE AMAZING MOVIE MAKING NAD GAMING TOM BURKE,2015-04-11T20:32:48.515000,Lol check out my chanell and subscribe please i want 5000 subs thats it im nearly their nowÔªø,1,KQ6zr6kCPj8
245,z120g3vajzzyvndvs23xdzh41ufmy3lvj,Kiarna Burke,2015-04-11T08:36:04.370000,Check out this video on YouTube:Ôªø,1,KQ6zr6kCPj8
246,z123sbbrgryqhfwgi04cjpbxokbdifsibhw,Kiarna Burke,2015-04-11T08:36:04.034000,Check out this video on YouTube:Ôªø,1,KQ6zr6kCPj8
247,z12gf3oyjry1wjdsq22rtlhgcp2tsfxb204,AryaDewa Gaming,2015-04-10T17:33:31.099000,SUBSCRIBE me. if you do that leave your name so i can subs back Ôªø,1,KQ6zr6kCPj8
248,z13ly1xqgu2isv5vg23cdl5g3tuyu11gy04,Tammy Floyd,2015-04-09T06:07:26.158000,Check out this video on YouTube:Ôªø,1,KQ6zr6kCPj8
249,z12eh5pohzi0fzmab04cdt3qclauvh0j2yg0k,Ognjen Videos,2015-04-08T21:11:31.085000,Please subscribe to my channel!Thanks!Ôªø,1,KQ6zr6kCPj8
250,z12hif0a3nj0vlkxj04cif1wcpuxvf0gpno0k,Hazetrix (EHazardStudio),2015-04-08T00:09:33.033000,hey guys im 17 years old remixer and producer and i want you guys to help me checking my videos i am sure you will love those music if you love them then subscribe so you will know more about me:)Ôªø,1,KQ6zr6kCPj8
251,z12ourggdn2gzzqoz04cgfno3un3ufjr0h0,Metroshuffle,2015-04-06T10:15:16.804000,"Check out Melbourne shuffle, everybody!Ôªø",1,KQ6zr6kCPj8
252,z13pshr4npe2uphcd23ueb35eq3tfv3ta,Reynad Gamer,2015-04-04T06:11:32.255000,Subscribe My ChannelÔªø,1,KQ6zr6kCPj8
253,z12nippylqvqshgqb04cdbgywx3kcxhgfug0k,Captain Liverpool,2015-03-31T13:56:40.139000,please suscribe i am bored of 5 subscribers try to get it to 20!Ôªø,1,KQ6zr6kCPj8
254,z13ajr3ainzmg1lnd23gwt2phxmcsfbbu04,Dloga2,2015-03-31T03:01:14.438000,Subscribe if you are watching in 2015Ôªø,1,KQ6zr6kCPj8
255,z132t3fhixrdghdhu04ciz2i4ovhezcgnrc0k,Law Halkett,2015-03-29T07:12:48.792000,Check out this video on YouTube:      <br />Ôªø,1,KQ6zr6kCPj8
256,z124cfkz5v34vrp4y04cerpiwpmxthywlhw,Vid√©oRiveaux,2015-03-28T14:03:55.093000,Hey ! Subscribe¬† to me¬†for the peace in the world ! ‚ô•Ôªø,1,KQ6zr6kCPj8
257,z13hwtvwqqqutf3wy04ci3abiyequ5iydgc,Maria Maldonado,2015-03-26T19:09:38.242000,Check out this playlist on YouTube:aÔªø,1,KQ6zr6kCPj8
258,z12istbx2lzbszmom04cfbgixnbrsbgai0s,Candyman 1000,2015-03-23T23:38:12.539000,Check out this video on YouTube:Ôªø,1,KQ6zr6kCPj8
259,z12nglcrcmv3u5ijj04cjbup0tatvhozsu00k,lacy mclean,2015-03-23T01:01:36.343000,Check out this playlist on YouTube:Ôªø,1,KQ6zr6kCPj8
260,z13icxbwzk35jzx5t04cezey0rnptrsxzdg,CHM Guitar‚Ñ¢,2015-03-22T15:10:43.815000,Like this comment for no reasonÔªø,1,KQ6zr6kCPj8
261,z125zdpzksrzyt10m232x1cpcobdjduoo04,Pj Jessie,2015-03-22T01:04:09.486000,Omg can this be the first video on YouTube to hit 1 billion views like this comment of you agree.Ôªø,1,KQ6zr6kCPj8
262,z13eglu51lmgxbhj304cfh2ifo3phfqwa3k,Maximus Decimus Meridius,2015-03-21T19:57:26.765000, <br />Please help me get 100 subscribers by the end of the night. ThxÔªø,1,KQ6zr6kCPj8
263,z134tnezjunhvxqq504cfpcr2qajwj0gbo40k,Ï°∞Ïú§Í∏∞,2015-03-21T18:25:05.665000,like this comment if you&#39;re watching this video when big bang happened<br />i doÔªø,1,KQ6zr6kCPj8
264,z135txtbpqrgsn0hn04ch115apamjrurr2k,Champagne Pedro,2015-03-21T14:18:39.798000,Check out this playlist on YouTube:<br /><br />Ôªø,1,KQ6zr6kCPj8
265,z13vc3dz5ofug1ozy04cddlzptumwhyodhs,Carren Mangali,2015-03-21T07:01:04.171000,Check out this playlist on YouTube:üç¥üç¥üèÑüèÑüèÑüç¥üèÑüèÑüèÑüèÑüèäüèäüèäüèäüç¥üç¥üç¥üç¥üç¥üèÇüèÇüèÇüèÇüèÇüèÜüç∏üç∏üç∏üç∏üèÜüçªüçóüçµüçüüçüüçüüçüüç¥üçïüçïüçïüçïüçïüçïüçïüçïüçïüçïüçïüçï‚òïÔ∏èüé£üé£‚òïÔ∏èüçïüçïüé£üé£üé£üé£üé£üé£üé£üé£üé£üé£‚òïÔ∏èüé£üçïüçîüçîüé£üé£‚òïÔ∏èüé£üçπüçπüèÇüèÇüçπüéøüèÜÔªø,1,KQ6zr6kCPj8
266,z13ecbgzonmri3yjj04cj14ooragi1ij450,Kingphillip9,2015-03-20T22:24:23.394000,‚ñë‚ñë‚ñë‚ñë‚ñë‚ñë‚ñë/\‚ñë‚ñë‚ñë‚ñë‚ñë‚ñÑ‚ñê<br />‚ñë‚ñë‚ñë‚ñë‚ñë‚ñë/ ¬† ¬† \‚ñë‚ñë‚ñë‚ñÑ‚ñà‚ñà‚ñÑ<br />‚ñë‚ñë‚ñë‚ñë‚ñë/ ¬†(o) ¬† \‚ñë‚ñë‚ñë‚ñë‚ñë‚ñÄ‚ñà‚ñÑ<br />‚ñë‚ñë‚ñë‚ñë/ ¬† ¬† ¬† ¬† ¬† ¬† \‚ñë‚ñë‚ñë‚ñë‚ñë‚ñë‚ñÄ‚ñà‚ñÑ<br />‚ñë‚ñë‚ñë/__ ¬† \ ¬† ‚ñë‚ñÑ‚ñÑ‚ñÑ‚ñÑ‚ñÑ‚ñÄ‚ñÄ<br />‚ñë‚ñë‚ñë‚ñë‚ñÑ‚ñÑ‚ñÑ‚ñà‚ñà‚ñÄ‚ñÄ‚ñÄ‚ñÄ<br />‚ñë‚ñë‚ñë‚ñà‚ñÄ‚ñÑ‚ñÑ‚ñÑ‚ñà‚ñë‚ñÄ‚ñÄ ¬† ¬† ¬† YOU HAVE BEEN SPOOKED BY THE SPOOKINATI<br />‚ñë‚ñë‚ñë‚ñå‚ñë‚ñÑ‚ñÑ‚ñÑ‚ñê‚ñå‚ñÄ‚ñÄ‚ñÄ<br />‚ñÑ‚ñë‚ñê‚ñë‚ñë‚ñë‚ñÑ‚ñÑ‚ñë‚ñà‚ñë‚ñÄ‚ñÄ ¬† ¬†SHARE THIS TO 666 PEOPLE TO BE UNSPOOKED¬†<br />‚ñÄ‚ñà‚ñå‚ñë‚ñë‚ñë‚ñÑ‚ñë‚ñÄ‚ñà‚ñÄ‚ñë‚ñÄ¬†<br />‚ñë‚ñë‚ñë‚ñë‚ñë‚ñë‚ñë‚ñÑ‚ñÑ‚ñê‚ñå‚ñÑ‚ñÑ<br />‚ñë‚ñë‚ñë‚ñë‚ñë‚ñë‚ñë‚ñÄ‚ñà‚ñà‚ñà‚ñÄ‚ñà‚ñë‚ñÑ<br />‚ñë‚ñë‚ñë‚ñë‚ñë‚ñë‚ñê‚ñå‚ñÄ‚ñÑ‚ñÄ‚ñÑ‚ñÄ‚ñê‚ñÑ<br />‚ñë‚ñë‚ñë‚ñë‚ñë‚ñë‚ñê‚ñÄ‚ñë‚ñë‚ñë‚ñë‚ñë‚ñë‚ñê‚ñå<br />‚ñë‚ñë‚ñë‚ñë‚ñë‚ñë‚ñà‚ñë‚ñë‚ñë‚ñë‚ñë‚ñë‚ñë‚ñë‚ñà<br />‚ñë‚ñë‚ñë‚ñë‚ñë‚ñê‚ñå‚ñë‚ñë‚ñë‚ñë‚ñë‚ñë‚ñë‚ñë‚ñë‚ñà<br />‚ñë‚ñë‚ñë‚ñë‚ñë‚ñà‚ñë‚ñë‚ñë‚ñë‚ñë‚ñë‚ñë‚ñë‚ñë‚ñë‚ñê‚ñåÔªø,1,KQ6zr6kCPj8
267,z12cfli4lrqld3nde22lujqpgtephxu5a04,Courtney Foama,2015-03-20T21:33:44.707000,like this comment if your watching in 2015 or 2016Ôªø,1,KQ6zr6kCPj8
268,z13dxnsrvvfiu5ipf04cfxpowt3swh2oi34,Emily Horposniac,2015-03-19T10:33:00.987000,Help me get 10000000 subscribers by tomorrow!<br /><br /><br /><br /><br /><br /><br /><br /><br /><br /><br />(Joking don&#39;t get butt hurt)  Ôªø,1,KQ6zr6kCPj8
269,z12kz3koilrlvlkkb23kfvypoofnejk1t,Dylan McGuire,2015-03-19T00:45:07.797000,Check out this video on YouTube:Ôªø,1,KQ6zr6kCPj8
270,z12ggrma3oj2e5fl022dcrephr3ejhxfw,Alfred zipagan,2015-03-16T01:01:51.652000,like this comment if ur watching this on 2015¬†Ôªø,1,KQ6zr6kCPj8
271,z12ofhliokunzd4y504cdxjymr2xyr3azhg,Hamza Hamza,2015-03-15T14:03:27.801000,Check out this video on YouTube:Ôªø,1,KQ6zr6kCPj8
272,z13eulmg4uqsitk4a04cfjxzhpiqj3pycrg0k,Villads Hallundb√¶k,2015-03-14T16:16:22.607000,like this comment pleaseÔªø,1,KQ6zr6kCPj8
273,z13ef3oyslrmdjka204cdngjlvqpibvglr40k,Pedro Lombillo,2015-03-13T00:27:41.285000,Check out this playlist on YouTube:Ôªø,1,KQ6zr6kCPj8
274,z12jdpyjcompvrtsn224x1wottiqzb0xd04,Serbian Boy,2015-03-11T18:36:40.423000,LIKE AND SUBSCRIBEÔªø,1,KQ6zr6kCPj8
275,z12nexwg5uj0zr2ph04cjbjgskioe1fzsug0k,GrayGRW,2015-03-11T05:26:51.968000,Like this comment if you are watching on a phoneÔªø,1,KQ6zr6kCPj8
276,z124vlmbks2nybpou04cfv4i3vawebsxeic,TA Stealth,2015-03-11T01:25:46.234000,"Cool Video LMFAOVEVO! You should check out my shuffling videos on my channel when you get the chance. It&#39;s much appreciated. Cheers! <a rel=""nofollow"" class=""ot-hashtag"" href=""https://plus.google.com/s/%23EveryDayImVaping"">#EveryDayImVaping</a> ;-)Ôªø",1,KQ6zr6kCPj8
277,z13oc5zxxx2tynzdd23mtn1x2ujzct3kf,Peter Sadek,2015-03-09T18:44:22.184000,Check out this playlist on YouTube:Ôªø,1,KQ6zr6kCPj8
278,z12hvvki4xite3sjl04cfp34wxy0fr0qjgs,latisha garcia,2015-03-09T00:33:08.463000,Check out this playlist on YouTube: I triedÔªø,1,KQ6zr6kCPj8
279,z13si3qrjn3ae1m0s235g5wpgqqmfpgee,JS Scott,2015-03-08T21:27:05.377000,"subscribe to <span class=""proflinkWrapper""><span class=""proflinkPrefix"">+</span><a class=""proflink"" href=""https://plus.google.com/104999962146104962510"" oid=""104999962146104962510"">SuperMarioLogan</a></span>¬† if you thot the robot dudes r epic and awsomeÔªø",1,KQ6zr6kCPj8
280,z132wbtj1qazyhruq235g5wpgqqmfpgee,JS Scott,2015-03-08T21:22:08.901000,"if watching in 2015 subscribe to <span class=""proflinkWrapper""><span class=""proflinkPrefix"">+</span><a class=""proflink"" href=""https://plus.google.com/104999962146104962510"" oid=""104999962146104962510"">SuperMarioLogan</a></span>¬†Ôªø",1,KQ6zr6kCPj8
281,z12lxpco5rekcfhem23zgptr3lijs3njg04,Marcus Wilkes,2015-03-05T10:52:51.062000,Check out this playlist on YouTube:Ôªø,1,KQ6zr6kCPj8
282,z13jg1hq5nbadhifc224jptibp2hc511n,JuniorVlogz,2015-03-03T21:02:26.389000,Like this comment if you still jam out to this song after 4 years Ôªø,1,KQ6zr6kCPj8
283,z12jgfripnqmhdq4i04cd144fxzudh5rngw,–û–ª–µ–≥ –•–∏–∂–Ω—è–∫,2015-03-03T20:32:54.736000,subscribeÔªø,1,KQ6zr6kCPj8
284,z13gdhroxseayvg3d23lglzztnzzylcbp04,Amber Wentworth,2015-03-01T16:53:54.318000,Check out this video on YouTube:Ôªø,1,KQ6zr6kCPj8
285,z132ep1gxunohv3as04cgjsomlfhtnc5pwo0k,Jephone Ca√±as,2015-03-01T11:29:19.167000,this video has 800+m views<br />and the channel got 3m subscribersÔªø,1,KQ6zr6kCPj8
286,z120i3krmo2bjrai104ceheoqtn0ur0wpuo0k,Aye Thiri Paing,2015-03-01T05:13:01.606000,Check out this video on YouTube:Ôªø,1,KQ6zr6kCPj8
287,z13ajrlbklm5jlxxt04cjx2rktq0y1kxmy40k,santi1525 deadzone,2015-03-01T01:10:37.298000,subscribe to my chanellÔªø,1,KQ6zr6kCPj8
288,z13yy52qimylh3vbe04cjx2rktq0y1kxmy40k,santi1525 deadzone,2015-03-01T01:10:10.980000,los invito a subscribirse a mi canal¬†Ôªø,1,KQ6zr6kCPj8
289,z13pdv1rptqbuxe1123kdzpaozbcgtr1z,Johanna Sarmiento,2015-02-28T22:00:56.179000,Check out this video on YouTube:Ôªø,1,KQ6zr6kCPj8
290,z13ss53p4unscfngi04cjdhornvlz51zfak,allen webb,2015-02-28T21:01:42.150000,Check out this playlist on YouTube:Ôªø,1,KQ6zr6kCPj8
291,z13uvdwgrxetgfm0522tzr44tliyuvcgy04,Kawiana Lewis,2015-02-27T02:20:40.987000,Check out this video on YouTube:opponents mm <br /><br /><br /><br />--‚Ä¢[‚Ä¢‚Ä¢‚Ä¢‚Ä¢=====++¬•¬•¬£¬£¬£<br />Ôªø,1,KQ6zr6kCPj8
292,z13wwxhgmr2ocvbks22mdpdwdu3lz3mze04,Jarelys Mellado,2015-02-23T00:37:24.817000,Check out this video on YouTube:<br /><br />Ôªø,1,KQ6zr6kCPj8
293,z134vn15sxiwyfzhv04ch3no3zj2sdsqqw40k,Sid,2015-02-21T06:19:03.549000,"At 500 subscribers i&#39;m sky diving help me reach my goal &lt;3<br />Trust me, i&#39;m a doctor. ¬†:)Ôªø",1,KQ6zr6kCPj8
294,z12wsvobapnaetddg23ge12bkmrcy3bnf,Hamad Alhashash,2015-02-21T06:12:04.347000,Check out this video on YouTube:Ôªø,1,KQ6zr6kCPj8
295,z122vlk54r21gd3mr224yvqbouiejbqen,Pablo Cantellano,2015-02-20T16:23:25.378000,Check out this video on YouTube:Ôªø,1,KQ6zr6kCPj8
296,z12syxex2mmuzbubp04chlrhcvrnsvx4urw0k,Lotoya Bolan,2015-02-20T01:54:39.930000,Check out this video on YouTube:Ôªø,1,KQ6zr6kCPj8
297,z13kersqlnzmxnhqo04chlrhcvrnsvx4urw0k,Lotoya Bolan,2015-02-20T01:53:33.412000,Check out this playlist on YouTube:Ôªø,1,KQ6zr6kCPj8
298,z13hcfwhxwazujhxc04cc5m5wk2vsxd5sxk0k,Fernando Luis Vega martinez,2015-02-20T01:30:11.826000,Check out this playlist on YouTube:Ôªø,1,KQ6zr6kCPj8
299,z13atpsx4ojrh3ze323nfbz4fzztjbik3,alanluna3,2015-02-18T17:45:43.182000,Check out this video on YouTube:Ôªø,1,KQ6zr6kCPj8
300,z12fibbiprvywrlum233gno4mwr0dzxp404,‚Ä´ÿ¨Ÿàÿ¨Ÿà ÿ¨Ÿàÿ¨Ÿà‚Ä¨‚Äé,2015-02-17T04:25:01.940000,"<a href=""https://m.freemyapps.com/share/url/505b0232"">https://m.freemyapps.com/share/url/505b0232</a>Ôªø",1,KQ6zr6kCPj8
301,z13dehi4opigjlccv22zijqwwt3svpoag04,michael orton,2015-02-16T16:21:37.901000,Check out this video on YouTube:Ôªø,1,KQ6zr6kCPj8
302,z13fd5trkvvmublwk04cidcahpuhud1xghk,Vitaly Denisovs,2015-02-15T21:19:55.060000,"Need money ? check my channel and subscribe,soon will post how to get it )Ôªø",1,KQ6zr6kCPj8
303,z13kyvhzivqmhjq1w220jnaxquu3grwkt,PatrickMcCrowell,2015-02-12T02:30:08.801000,Check out this playlist on YouTube:Ôªø,1,KQ6zr6kCPj8
304,z13lxrgzqoawwzojz04cdl44yojcgnpjocg,Happy Panda,2015-02-12T01:14:44.306000,Like this comment for no reason.Ôªø,1,KQ6zr6kCPj8
305,z132cvvy1ob3ht2er23dundqdtertjmlg,TheLjc808,2015-02-10T19:48:56.558000,"Youtube comments in a nut shell:<br /><br />.First<br />.301 club<br />.Skip to <a href=""http://www.youtube.com/watch?v=KQ6zr6kCPj8&amp;t=3m57s"">3:57</a> and close your eyes<br />.Advertisements<br />.like this comment for no reason<br />.Christianity arguements<br />.Other religious arguements<br />.Console wars<br />.#PCMASTERACE<br />.Trolls<br />.&quot;How is there 1 million views on the this video if theres online 10 people on earth/<br />.Complaints<br />.Pewdiepie fangirls<br />.Minecraft scrubs<br />./r/MontageParodies<br /><br /><br />AND ANY OTHER SHIT!!Ôªø",1,KQ6zr6kCPj8
306,z12fsvio0mf5dxyhb04cg3qahnydxbcbi3s,Adyel Rodriguez,2015-02-10T07:33:49.035000,Check out this playlist on YouTube:Ôªø,1,KQ6zr6kCPj8
307,z12expkpjuvlf1b0q23rcjwhlum4s5xym04,Victoria Morales,2015-02-08T05:34:28.216000,Check out this video on YouTube:Ôªø,1,KQ6zr6kCPj8
308,z13yu34jayugzjn0q231elsrimbpyjmrp04,George Smith,2015-02-05T01:47:19.970000,Please become my first subscriber. ¬†Thank you.Ôªø,1,KQ6zr6kCPj8
309,z13qfdrbsxfawpbzz04cclnxskurjhjwgas,Filthy BarDown,2015-02-04T11:47:27.653000,Can i get views and subscribers for no reason? üòÖÔªø,1,KQ6zr6kCPj8
310,z13ugjjpwnvisp5l0221x1o5ovvocj1ox04,Helperitza,2015-02-04T10:23:50.394000,Check out this video on YouTube:Ôªø,1,KQ6zr6kCPj8
311,z13df3vz5urkir1eh22zcf3xhvqmi5j0f,jose delacruz,2015-02-03T21:44:11.740000,Check out this video on YouTube:Ôªø,1,KQ6zr6kCPj8
312,z12fgphykwn0vb2du23ftzmjulq0z1olv,–∞–ª–µ–∫—Å–µ–π –∞–ª–≥–∞–µ–≤,2015-02-01T15:51:59.518000,Hello from Russia comes to the channel subscribeÔªø,1,KQ6zr6kCPj8
313,z13bcvcqts3bwtl3g223shlrvqe1wdtmg,KingLoTheDancer,2015-02-01T05:48:32.623000,"Check out my dance videos!! You won&#39;t be disappointed!! <a rel=""nofollow"" class=""ot-hashtag"" href=""https://plus.google.com/s/%23KingLoTheDancer"">#KingLoTheDancer</a>Ôªø",1,KQ6zr6kCPj8
314,z12duvyaxqmrstxs3223jdjjrsb0wllzn04,Vivid Phantasm,2015-01-31T23:42:34.531000,Men stop being naive idiots believing in love and believing that women actually respect you. ¬†Want a more fulfilling drama fee life? Check out MGTOW. There are many channels here on YouTube that you can chose from which will give you all the information needed. (Caution: Not for men who enjoy being disposable providers of utility)Ôªø,1,KQ6zr6kCPj8
315,z124jvbxusjnsn2oi04cidm5hqmoftu4ovg0k,XxNorwegianELITEGaming xX,2015-01-31T20:56:05.396000,pleas subscribe on me for ps4 games video¬†<br /><i>______________________________</i><br />if you have som tips so contact me on kik or skype<br /><i>______________________________</i><br />Kik: pander26<br />Skype: sander.nicolaysen2<br /><i>______________________</i><br />pleas subscribe on me and Kashoo GamingÔªø,1,KQ6zr6kCPj8
316,z12isnmj3wuovj4tt22stv0x1kblzls1w,Sandy Torres,2015-01-30T16:48:13.985000,Check out this playlist on YouTube:Ôªø,1,KQ6zr6kCPj8
317,z12psnvzpybbshnrc04citbzwpfmfnb5jws0k,ann anne,2015-01-28T16:29:16.993000,Check out this video on YouTube:Ôªø,1,KQ6zr6kCPj8
318,z12cvbyjjmuwvxivx223tpujulrwwdt5j04,ampai gmuer,2015-01-27T13:23:56.061000,Check out this playlist on YouTube:üëøüë≥üë≥üë≥üë≥üë≥Ôªø,1,KQ6zr6kCPj8
319,z13ijz1zetarj31dk22nfl0qvyneyxn0l,sahir omran,2015-01-27T09:43:48.741000,Check out this video on YouTube:ÿßŸÑÿ•ÿπŸÑÿßŸÜÿßÿ™<br /><br /><br /><br /><br /><br />ŸÑŸÑÔªø,1,KQ6zr6kCPj8
320,z13rdxlhnrukflfe3225hbpxxneuhjrr104,Mizz swagger,2015-01-27T01:53:24.950000,üö®üö®üö®üö®üö®üö®üö®üö®üö®üö®üö®üö®üö®üö®üö®üö®<br />NOW THAT I HAVE YOUR ATTENTION!!! üö®üö®üö®üö®üö®üö®üö®üö®üö®üö®üö®üö®üö®üö®üö®üö®SUBSCRIBE TO MY CHANNEL!!!<br />üö®üö®üö®üö®üö®üö®üö®üö®üö®üö®üö®üö®üö®üö®üö®üö®<br />GRACIAS!üíã<br />üö®üö®üö®üö®üö®üö®üö®üö®üö®üö®üö®Ôªø,1,KQ6zr6kCPj8
321,z13iwdr5vwrasfbhp04ccj2wqmi4inawgms0k,Eric Carbajal,2015-01-26T18:27:00.309000,Check out this video on YouTube:Ôªø,1,KQ6zr6kCPj8
322,z13cedgolkfvw3xey22kcnzrfm3egjj0z,Rafael Diaz Jr,2015-01-25T20:57:46.039000,Check out this video on YouTube:Ôªø,1,KQ6zr6kCPj8
323,z12ezvvihrjeerscl22kcnzrfm3egjj0z,Rafael Diaz Jr,2015-01-25T20:56:06.533000,Check out this video on YouTube:Ôªø,1,KQ6zr6kCPj8
324,z12rjlojyufktna4n04cijvxgwb2gx4ouac,James Wolf,2015-01-23T21:44:55.558000,Check out this video on YouTube:Ôªø,1,KQ6zr6kCPj8
325,z13sjj4onknyfdcys04ccncpzrajjzka3kc0k,Ioan Meruta,2015-01-22T23:31:42.316000,"<a href=""https://m.freemyapps.com/share/url/10b35481"">https://m.freemyapps.com/share/url/10b35481</a>Ôªø",1,KQ6zr6kCPj8
326,z12pyzwiourgc1t2f22wzj5xuoeqvxdp104,Ruben Aviles,2015-01-22T02:08:41.056000,Check out this video on YouTube:Ôªø,1,KQ6zr6kCPj8
327,z13wyfhopsvthjlio04cfxkawnbou1ogbdw,monique graham,2015-01-20T19:21:30.191000,Check out this playlist on YouTube:aÔªø,1,KQ6zr6kCPj8
328,z12hixnzcv2svl5w004cclnglvncdrrw0qs0k,sarah-ann erasmus,2015-01-20T15:02:17.552000,Check out this video on YouTube:Ôªø,1,KQ6zr6kCPj8
329,z132e5zqwlbmjrich234epwa2kiwehdmd,Priscilla Sipinga,2015-01-19T05:53:12.118000,Check out this playlist on YouTube:hbbhhhghÔªø,1,KQ6zr6kCPj8
330,z12zw32jkmqxc1eba04chv2renb2gnaxiww0k,Lindsay Reynolds,2015-01-19T00:40:40.097000,Check out this playlist on YouTube:Ôªø,1,KQ6zr6kCPj8
331,z13my12oyyrxdzfj204chp5pnryfe11wrbk,SuperPanic3,2015-01-17T20:26:39.026000,LIKE AND SUBSCRIB IF YOU WATCH IN 2015 ;)Ôªø,1,KQ6zr6kCPj8
332,z13mhniosvv4hxn5d04cjpf4wobwwdpgjw40k,chuvi cc1800,2015-01-15T23:43:37.589000,Check out this video on YouTube:Ôªø,1,KQ6zr6kCPj8
333,z12pvpi4qyvqz3cez23ugbyz3sbxhfhqk04,Marie Joof,2015-01-13T17:35:36.999000,Check out this video on YouTube:hjalpÔªø,1,KQ6zr6kCPj8
334,z12lipxpunj5d1okw22bip4gvnbswlzhx04,‚Ä´ÿ∫ÿßÿ±ÿØŸäŸÜÿß ÿÆÿßŸÑÿØ‚Ä¨‚Äé,2015-01-12T06:06:06.398000,Check out this video on YouTube:Ôªø,1,KQ6zr6kCPj8
335,z12ljdl4bxywxz2mu22ptrdoss2se1jvd,Heath D,2015-01-11T03:51:21.565000,Check out this video on YouTube:Ôªø,1,KQ6zr6kCPj8
336,z13dxxabcp3ggby5y04cilbz0ojlyprwt1g,‚Ä´ŸÖÿ±ŸäŸÖ ÿßŸÑŸáŸÜÿØŸä‚Ä¨‚Äé,2015-01-10T22:00:57.333000,Check out this video on YouTube:Ôªø,1,KQ6zr6kCPj8
337,z12bvjiqdvbrfzk1s23odzs53wjphzacf,‚Ä´ŸÖÿ±ŸäŸÖ ÿßŸÑŸáŸÜÿØŸä‚Ä¨‚Äé,2015-01-10T22:00:55.762000,Check out this video on YouTube:Ôªø,1,KQ6zr6kCPj8
338,z13jzn1hvk35dxxzu04cj5lqmzv2thoquag,Sophie Flores,2015-01-10T18:17:21.145000,Check out this video on YouTube:Ôªø,1,KQ6zr6kCPj8
339,z13xgdojpwbbu54ta233yvar1t3jszxvt,rbsully,2015-01-09T03:44:56.996000,Check out this video on YouTube:Ôªø,1,KQ6zr6kCPj8
340,z12rvtogemvtv3xnq23zc3erxsfui52ht04,jessie J,2015-01-08T16:16:52.163000,Check out this video on YouTube:QqÔªø,1,KQ6zr6kCPj8
341,z12zu1eg2s2pfpfud23hj1ejcreptjntw,Anne Marie Chavez,2015-01-06T05:53:18.140000,Check out this video on YouTube:Ôªø,1,KQ6zr6kCPj8
342,z12ohnbxzqihgdywx04cdnkxpkzxfd5ie20,BMB Beats,2015-01-05T21:33:38.426000,"<a href=""http://www.gofundme.com/Helpmypitbull"">http://www.gofundme.com/Helpmypitbull</a> Can you please donate to help my pitbull PLEASE!!! I just need 50 dollars to take it to the vet!!!Ôªø",1,KQ6zr6kCPj8
343,z12kvdhbglbuyzmrh04cjzbronnafhhqayw0k,stupittmoran,2015-01-04T15:42:24.811000,Check out this video on YouTube:Ôªø,1,KQ6zr6kCPj8
344,z13le5mr1li0h1hbw04chliisqacyxpht0s,Gu Sw,2015-01-03T19:28:51.794000,Check out this video on YouTube:Ôªø,1,KQ6zr6kCPj8
345,z125tbogfxjjivxv523vwpkyaznetaic,On the Positive,2015-01-01T21:16:37.765000,Dear friends please subscribe to my channel I will be very glad to see You virucide ;-)Ôªø,1,KQ6zr6kCPj8
346,z12gtjlifwmqjxjrg04cj5ggpufsdvrhhks0k,Darleen Tran,2015-01-01T04:41:31.104000,Check out this video on YouTube:Ôªø,1,KQ6zr6kCPj8
347,z122vp4rxpv4ejfaf04cilzwykrhd1eqkms0k,Anna Louise Puzon,2014-12-26T12:21:05.108000,Check out this video on YouTube:Ôªø,1,KQ6zr6kCPj8
348,z13uu5dyinf2yplb504civzz5obby5baucg,Simply Terrell,2014-12-26T11:17:56.976000,Subscribe to my channel <br />Tweet &amp; Follow me on twitter //therealterrell_ <br />And I will follow you back üëÄÔªø,1,KQ6zr6kCPj8
349,z13vehm4enr5zbohl04chhjoixzes32rvjw,Desert Loner,2014-12-25T19:52:25.333000,want a sub? tell me about your channel and i will subscribe (with a couple exceptions)Ôªø,1,KQ6zr6kCPj8
350,z12xevzwtyyftlhma22qdp4ocljizpouh,Beatriz A York,2014-12-25T19:20:32.982000,Check out this playlist on YouTube:Ôªø,1,KQ6zr6kCPj8
351,z13ue5b4sw25i3s4g04cg3grnmmue33bysg0k,Cora Whatley,2014-12-23T01:50:41.928000,Subscribe I&#39;ll subscribe backÔªø,1,KQ6zr6kCPj8
352,z13pvzzwyr2nhfn1y22btbtgjpmfw1ggn04,Shanu Dias,2014-12-22T11:51:16.881000,Check out this playlist on YouTube:Ôªø,1,KQ6zr6kCPj8
353,z12shxbbulncyx43n23psbzohvumz1nib04,Will Smith,2014-12-22T04:56:24.257000,Check out this playlist on YouTube:plÔªø,1,KQ6zr6kCPj8
354,z12cjj2qyo34i3ga204ci3hatn3vhlcoxkw0k,Aaa Bbb,2014-12-21T06:07:48.379000,Check out this video on YouTube:Ôªø,1,KQ6zr6kCPj8
355,z123ed2yctjnj1db204cczmorvvjsdgyevo0k,orcou,2014-12-20T05:03:42.146000,Check out this video on YouTube:Ôªø,1,KQ6zr6kCPj8
356,z12ni35onpvyvro4g04cd3jihoyrdbuxh3s,Ari Kip,2014-12-19T17:00:34.759000,Check out this video on YouTube:Ôªø,1,KQ6zr6kCPj8
357,z125etvpxve3yvow004cd3bzmqfkfxohvgk,Kassidy Norris,2014-12-18T22:33:26.485000,Check out this video on YouTube:loÔªø,1,KQ6zr6kCPj8
358,z12eyz2r5pyecvutk22ktrfyllf0w3jxc04,Janja Kmetiƒç,2014-12-17T15:37:12.685000,Check out this video on YouTubeÔªø,1,KQ6zr6kCPj8
359,z13khxlwczzei1ymm22pv5bphlmuzrzac04,AUSENCIO garrido,2014-12-17T02:33:31.397000,Check out this video on YouTube:Ôªø,1,KQ6zr6kCPj8
360,z13by3wrfuykidc2z23vux3iesumfjfml,Jesse Basurto,2014-12-12T08:50:18.674000,Check out this video on YouTube: I Ôªø,1,KQ6zr6kCPj8
361,z13auvkhpurljfgfr23dzvgonsz5sncv5,Ben Smith,2014-12-10T16:53:09.604000,Check out this video on YouTube:Ôªø,1,KQ6zr6kCPj8
362,z12zurhazmyqyvn4u04cfdurxvzlyzdi4k00k,Tyler Jackson,2014-12-10T16:28:43.637000,subscribe to my channel yo - DJ FeelzÔªø,1,KQ6zr6kCPj8
363,z13wvz54kv3ow3dct233jb5ptof2d10se,Edgar's Finest,2014-12-09T05:35:45.812000,Hey guys subscribe to my chanel and i will subscribe back and like all your vids :)<br /><br />Ôªø,1,KQ6zr6kCPj8
364,z12yyhzw0peixhqvq22efdjgvxeiuz4s1,LegacyStarz OS,2014-12-07T06:40:55.233000,Check out this video on YouTube:Ôªø,1,KQ6zr6kCPj8
365,z12cz3t4ekahf3kfo23if1spxv3wd3zco,caitlyn keffer,2014-12-06T19:45:01.381000,Check out this video on YouTube:Ôªø,1,KQ6zr6kCPj8
366,z13hxfdrqom5clnaa04cgx5hkpqjexhh3wk0k,DERRICK HANFORD,2014-12-05T22:52:29.316000,White people are going extinct for more information subscribe to my channel or search for videos on &quot;white genocide&quot;  thank youÔªø,1,KQ6zr6kCPj8
367,z13bipqrryirzp2sx224srirayqyhrdr104,omar tellez,2014-12-05T03:58:16.030000,Check out this video on YouTube:Ôªø,1,KQ6zr6kCPj8
368,z13txnfjov2tgle5z04cfd4jlyflx52ysbk,tchangkou,2014-12-04T01:31:02.296000,Check out this video on YouTube:Ôªø,1,KQ6zr6kCPj8
369,z12vevn4xzbmstvui23mi5ki2lnfu14pp04,Tan Jia Min,2014-11-29T05:53:19.584000,Check out this video on YouTube:..üåàüåàüåàÔªø,1,KQ6zr6kCPj8
370,z12fy55oxki3u1ryi04cjprhawawcvkzivo0k,GORHD/TV Studio,2014-11-25T16:15:50.566000,subscribers please`Ôªø,1,KQ6zr6kCPj8
371,z12pfhgg3vrnuhme122ixxdx5zyyit5ac04,Jaymes Michie,2014-11-11T18:01:00.198000,Yo like what up this song is fricking beast anywon herd the see mee rollin or I woke up in a new Buggti check out nuketown rap I was shooting in it see my nice quick scoping things training for faze adoult freind sang I was at my freinds house doing it we just had the rap going and we were doing fun things Ôªø,1,KQ6zr6kCPj8
372,z12jzdjxvvmxz3ymb23fwhyg4ub0xdju2,craftygirl20141,2014-11-10T19:46:03.336000,hi everyone this is cool check out sexy and i know itÔªø,1,KQ6zr6kCPj8
373,z13mgtcxivevf3thn04cdvty0sqzuteqpys0k,Sean B,2014-11-10T07:35:42.081000,"Check out our app to solve all your party/drunk problems!¬†<br /><a href=""https://play.google.com/store/apps/details?id=vn.ibit.AppLocker&amp;hl=en"">https://play.google.com/store/apps/details?id=vn.ibit.AppLocker&amp;hl=en</a>Ôªø",1,KQ6zr6kCPj8
374,z13eszqb3vejd3il423aslfyqnrzh5kto,Malyka Mason,2014-11-09T13:59:14.102000,Check out this video on YouTube:it is a old track but it still badÔªø,1,KQ6zr6kCPj8
375,z13jxrajxkydifipt04cjtvboqfhelloucs,Alex Despotovic,2014-11-08T05:52:20.157000,Check out my youtube channel for cool beatboxing (:Ôªø,1,KQ6zr6kCPj8
376,z130eftalyfoy1rga04cdh1jtovuvvpofkg0k,2010shevy,2014-11-06T01:23:03.262000,Check out this video on YouTube:Ôªø,1,KQ6zr6kCPj8
377,z131x1cimrnfuz2zs04ci5gqvqemyb2jsp00k,OFFICIAL LEXIS,2014-11-04T20:26:48.030000,Hi everyone! Do you like music? Then why not check out my music channel. The LEXIS band will be uploading their own songs and covers soon so don&#39;t miss out. Please SUBSCRIBE too as¬†it does help us out a lot. Just takes one click. -&gt;Ôªø,1,KQ6zr6kCPj8
378,z13kwxlguqubw5aeo22gxx3a1zfvux4a304,Hunter Scott,2014-11-01T04:23:42.175000,SUBSCRIBE!!!!!!!!!!!!!!!!!!!!!!!!!!!!!!!!!!!!!!!!!!!!!!!!!!!!!!!!!!!!!!!!!!!!!!!!!!!!!!!!!!!!!!!!!!!!!!!!!!!!!!!!!!!!!!!!!!!!!!!!!!!!!!!!!!!!!!!!!!!!!!!!!!!!!!!!!!!!!!!!!!!!!!!!!!!!!!!!!!!!!!!!!!!!!!!!!!!!!!!!!!!!!!!!!!!!!!!!!!!!!!!!!!!!!!!!!!!!!!!!!!!!!!!!!!!!!!!!!!!!!!!!!!!!!!!!!!!!!!!!!!!!!!!!!!!!!!!!!!!!!!!!!!!!!!!!!!!!!!!!!!!!!!!!!!!!!!!!!!!!!!!!!!!!!!!!!!!!!!!!!!!!!!!!!!!!!!!!!!!!!!!!!!!!!!!!!!!!!!!!!!!!!!!!!!!!!!!!!!!!!!!!!!!!!!!!!!!!!!!!!!!!!!!!!!!!!!!!!!!!!!!!!!!!!!!!!!!!!!!!!!!!!!!!!!!!!!!!!!!!!!!!!!!!!!!!!!!!!!!!!!!!!!!!!!!!!!!!!!!!!!!!!!!!!!!!!!!!!!!!!!!!!!!!!!!!!!!!!!!!!!!!!!!!!!!!!!!!!!!!!!!!!!!!!!!!!!!!!!!!!!!!!!!!!!!!!!!!!!!!!!!!!!!!!!!!!!!!!!!!!!!!!!!!!!!!!!!!!!!!!!!!!!!!!!!!!!!Ôªø,1,KQ6zr6kCPj8
379,z12gvlyixpjfwrpme23rxfubjvzkvp42s,Toan732,2014-10-31T02:49:34.017000,Ummm... I just hit 1k subscribers. I make Minecraft videos. Help me out by checking me out?Ôªø,1,KQ6zr6kCPj8
380,z124hbc4umr5yxikd23kupyodqvben3yb04,Sami Nashawi,2014-10-29T15:28:53.402000,SUP GUS THIS IS A VIDEO FOR PEOPLE WHO LOVES PARTY ROCK SO THANKS FOR WATCHING AND PLEASE SUBSCRIBE:)!!Ôªø,1,KQ6zr6kCPj8
381,z12nyp2j5zy5dxrxi04cilmypritghhhmyc0k,Por Phizer,2014-10-16T20:10:15.922000,Hey Guys Jaylan Here And I Just Wanted Everybody To Know if Yall Can Subscribe Please That Would Be Great! This Is My New Gaming Channel (Have Not¬†Uploaded Yet)But I Will Upload If I Hit About 10 Subs Thank You :DÔªø,1,KQ6zr6kCPj8
382,z130tflr2suzejk2s22expyzjmfjifvgs04,Sebastian Garcia,2014-10-16T00:50:14.327000,great l subscribeÔªø,1,KQ6zr6kCPj8
383,z13lclswozbsxp0qw04cetjgyxmifduae34,krayziejcs,2014-10-15T19:57:29.498000,Check out this video on YouTube:jjiwajwkajajqjaubkmÔªø,1,KQ6zr6kCPj8
384,z13ezr0rmk2kxz0rr04ch1iids2nhnnglh4,Maria Martinez,2014-10-12T03:13:00.872000,Check out this video on YouTube:Ôªø,1,KQ6zr6kCPj8
385,z13rs3fimnydzjdu423qudibdzm0sbyjh04,johnlord joaquino,2014-10-10T11:31:33.153000,3m subscribers but look at the views its 700 million wtf :PÔªø,1,KQ6zr6kCPj8
386,z13mzpjq0wjly1ag304cfvsxhmmicxmg0gs,Rajnoor Bawa,2014-10-07T17:48:27.641000,Check out this video on YouTube:Ôªø,1,KQ6zr6kCPj8
387,z13espsintyhfv3fk23iidkjuojsfnib304,James Marrin,2014-10-05T01:41:04.984000,Check out my YouTube channel I can rapÔªø,1,KQ6zr6kCPj8
388,z13wz10yyn3wz3fu523zzzeackarhvpu4,bebishyne alicdan,2014-10-04T13:16:55.971000,Check out this video on YouTube:Ôªø,1,KQ6zr6kCPj8
389,z12djvertlrhwxulk231cfoxblesxj2zq04,Brittany Tennyson,2014-10-04T04:31:08.642000,Check out this video on YouTuÔªø,1,KQ6zr6kCPj8
390,z13iyvux4tzxsdf2x23vixxpfxfbixban04,((A.B)),2014-10-04T01:35:02.414000,"LMFAO is CRAZY DOPE!!! CHeck out my music on my channel if you have a minute, it would mean a lot. Much love!!Ôªø",1,KQ6zr6kCPj8
391,z12bdp1b5wekjb1ci22itf3alnfvzfibo04,xiaoying chen,2014-10-02T15:00:43.724000,Check out this video on YouTube:Ôªø,1,KQ6zr6kCPj8
392,z130drwgasjgevh0n234ht3gfrmugfguz,Guren - MKII,2014-10-01T19:53:07.387000,everyday i&#39;m subscribeÔªø,1,KQ6zr6kCPj8
393,z13mh3gi0s3cdjhvy23bzpebkqzyexsar04,ÔºØÔºßÔº∂Ôº°Ôº§Ôº•Ôº≤,2014-09-29T02:54:58.986000,man check out the raps on my channel im better rapper than these nigger foolsÔªø,1,KQ6zr6kCPj8
394,z13lsx44zmmqzz2mv22tefeb2undfvcov04,Whami inc.,2014-09-27T17:41:15.536000,go check out our videoÔªø,1,KQ6zr6kCPj8
395,z13rjxk5ylidyrerg04cgvfoknjlybzs4,ZeDesXiA AIliVe,2014-09-19T17:47:37.826000,üòºüëçüòè Like This Comment üòèüëçüòºÔªø,1,KQ6zr6kCPj8
396,z13uv5mhgzu5fhsnm233t3awno3xtfj02,Alenaid Zeledon,2014-09-18T19:21:53.622000,Check out this video on YouTube:Ôªø,1,KQ6zr6kCPj8
397,z12iw3rpqxmnwno1m23zxdfqdz3yw5nw004,All Or Nothing AMV,2014-09-16T11:02:58.430000,SubscribeÔªø,1,KQ6zr6kCPj8
398,z12ls5qhwv3gv11a104cfzmhgyj3c3mpnyw0k,Unknown Name (buddhist monkie),2014-09-13T11:35:51.066000,Check out this video on YouTube:<br />Looking for my wood pile...<br />Anyone seen it? Hmm?&#39;<br />How bout some pie now <br />Ladies?&#39;Ôªø,1,KQ6zr6kCPj8
399,z12ghdxjkwbrwrpth22xztiipleoftwfx,Hoye Boyz,2014-09-13T09:07:27.253000,"HAHAA THIS DANCE IS TIGHTTTT<br /><br />I know y&#39;all &quot;‚Ä¶ain&#39;t got time for MY demo man&quot; ¬†but check out some of my stuff<br /><br />Slappers on slappers on bangers! Click that link below to peep game! ENJOY.¬†<br /><br /><a href=""https://soundcloud.com/rocc-steady/wave-emoji-prod-by-nippylongbottom-cyber-punk"">https://soundcloud.com/rocc-steady/wave-emoji-prod-by-nippylongbottom-cyber-punk</a>Ôªø",1,KQ6zr6kCPj8
400,z12xxdjrvmynezpqt04chzxjrvqfxntibh0,lil jay,2014-09-10T03:52:22.309000,Check out my music niggasÔªø,1,KQ6zr6kCPj8
401,z12djnnomsvvvpmz204cdh0qgsqdtrq4dfs,mihir Sanjay,2014-09-04T15:24:31.780000,Check out this video on YouTube:Ôªø,1,KQ6zr6kCPj8
402,z13htjnpxw3sgfsdq22sdnc4vnyrfpiue,budhanmike,2014-09-01T03:32:14.127000,Check out this funny video &quot;Cereal Box Knocks out Baby&quot; on my channel.Ôªø,1,KQ6zr6kCPj8
403,z13cu5iyjryvixkyr04cdzniromoclcpc1w,Kikilaronk ‚ÄúKiki‚Äù Loz,2014-08-31T16:39:30.472000,Subscribe to me if u think &quot;swag&quot; is fucking stupidÔªø,1,KQ6zr6kCPj8
404,z12svdoikuuvivym122pu5prquvmvnfnk,D√°vvvid „ÉÑ,2014-08-31T12:06:37.835000,Tuto to subscribe to my channel because you should sign up for 17 l please thank you I&#39;d do anything for you to sign up a lot of good video I usually do!Ôªø,1,KQ6zr6kCPj8
405,z12ghvgo3xjyjvouf23tstj5bna5jei0,Ragnarok,2014-08-19T19:53:09.770000,Abomination! Subscribe if you agree :| party here in my channel. cool lights.Ôªø,1,KQ6zr6kCPj8
406,z12bjtxbvzu4vpkao04cfhnawsjoybyin4c,ViralVinesHD,2014-08-18T00:25:09.584000,"Like this comment, guys i just started up a new channel if i can get 200 subscribers by tonight ill do a $20 paypal giveaway like this comment so your friends can see it or others and they can also be entered GO !!!Ôªø",1,KQ6zr6kCPj8
407,z13mf1fz1mmrdr4hf04cdnhxmmqtulfgchc,Nossnevs SWEDEN,2014-08-12T15:44:16.615000,"Check out: My Hood Doh, by Flixter NossnevsÔªø",1,KQ6zr6kCPj8
408,z134yz2xnujfdnky504cfjnrxuu2vbpgmhk,ZeroxAbood677,2014-08-07T13:57:40.272000,Nezo and Ed<br />Like&amp;share this page on facebook please¬†Ôªø,1,KQ6zr6kCPj8
409,z122djvavnibdrr1j23pjbm4szvfuzlzd04,RandomFuntime,2014-08-04T13:27:47.451000,"Hey I&#39;m a British youtuber!!<br />I upload Weekly!! <br />It would mean the world if you could subscribe!!<br />Thanks,Joyce!!<br />Ôªø",1,KQ6zr6kCPj8
410,z134xrxhguygyj12f22wuvej0pnnz5wap04,footboxG,2014-08-03T22:28:17.610000,Subscribe to my channel !Ôªø,1,KQ6zr6kCPj8
411,z13mjpyydob5ybead04cgdiaewywunab5pg0k,Henry Cousins,2014-07-27T18:24:57.907000,"hi guys please check out my vids , i will promos to subscribe to you toÔªø",1,KQ6zr6kCPj8
412,z12rtbaiolqywng1v23ispboqrnotriwk04,Lisa UKGirl,2014-07-26T18:46:28.500000,Hey plz check out my music video. Thanks!! :-)Ôªø,1,KQ6zr6kCPj8
413,z12btr5hfnjydpwm023xtt0q4urzs1ju4,Mah Productions,2014-07-26T17:07:51.274000,Check the shit out on my channel<br /><br /><br />SUBSCRIBE YOU WILL LIKE ITÔªø,1,KQ6zr6kCPj8
414,z125vphj5u3vw5rya04ch5eatpnwjjsg2u00k,Renee Nelson,2014-07-23T22:23:47.235000,Good videoÔªø,0,KQ6zr6kCPj8
415,z13qyltzfvzwir5dh22xv51aczbscpqxm04,t tatsuya,2014-07-23T13:19:09.247000,very good song:)Ôªø,0,KQ6zr6kCPj8
416,z12ehbuw2zunyfrlh23ycpzadxm3x5ekl,D√°vid Baranoviƒç,2014-07-23T11:57:11.271000,every bady yust have a good timeÔªø,0,KQ6zr6kCPj8
417,z12nyp54hkecxheeg22mjhyjixyqittoo04,mariosergopao,2014-07-23T10:58:59.825000,¬†are ¬†there ¬†people who like ¬†this shit? hahahahah :P<br />this isn&#39;t even real music.......... it&#39;s computer-based music.....<br />well done music industry.....Ôªø,0,KQ6zr6kCPj8
418,z124w1aolk2tvpifc23fzxuy1v20ghkfp,Devin Thornton,2014-07-23T08:37:48.377000,i love this song so much!!!!!!!!!!!!!!!!!!!!!!!!!!!!!!!!!!!!!!!!!!!!!!!!!!!!!!!!!!!!!!!!!!!!!!!!!!!!!!Ôªø,0,KQ6zr6kCPj8
419,z13heluw2l21yhgov04ce5h53u2mhz4joes,ItstheSauce92,2014-07-23T05:22:52.881000,No one makes me wanna party like LMFAO does... I just wanna rage every time one of these songs comes on. The only other band that does that is &quot;On the Rocks Inc.&quot; those kids know how to partyÔªø,0,KQ6zr6kCPj8
420,z13uy1yrkprst3ouf22dundglo2dypric04,Naga Berapi,2014-07-22T19:53:51.238000,The best song ever!Ôªø,0,KQ6zr6kCPj8
421,z120e5uiiuu4jlaen22dundglo2dypric04,Naga Berapi,2014-07-22T19:53:49.636000,The best song ever!Ôªø,0,KQ6zr6kCPj8
422,z13xw1iqty25xhrcb23eg3yjrzift5yfq,ownpear902,2014-07-22T18:44:36.299000,"check it out free stuff for watching videos and filling surveys<br /><br /><a href=""http://www.prizerebel.com/index.php?r=1446084"">http://www.prizerebel.com/index.php?r=1446084</a>Ôªø",1,KQ6zr6kCPj8
423,z12mtxqrmxicjfx1s22egddrbnqssva5c04,kimberly dezan,2014-07-22T18:38:37.217000,Love your song makes me happyÔªø,0,KQ6zr6kCPj8
424,z13pc5zgykaetdf2123zhdra5orhjx2k5,fulvio colace,2014-07-22T16:54:45.949000,OOOOO SHUFFLLLLLLLLLLLLLLLLLLLLLLINNNNNÔªø,0,KQ6zr6kCPj8
425,z12iz3brhtvcyt3ze04cjzpg0ljzft3qx0g,Salah DK,2014-07-22T13:45:20.355000,awesomeÔªø,0,KQ6zr6kCPj8
426,z12uzjtpanvdhjmtr23asxgyiyjezjxe5,Juan Martinez,2014-07-22T13:22:54.111000,I learned the shuffle because of themÔªø,0,KQ6zr6kCPj8
427,z12dvh0agvqtwzfpa04cfnayinbhf5s4jlw0k,Robotic Band,2014-07-22T12:52:36.698000,The best Song i saw ‚ù§Ô∏è‚ù§Ô∏è‚ù§Ô∏è‚ù§Ô∏è‚ù§Ô∏è‚ù§Ô∏è‚ù§Ô∏è‚ù§Ô∏èüòçüòçüòçüòçüòçüòçüòçüòòüòòüòòüòòüòòüòòüòòüòòÔªø,0,KQ6zr6kCPj8
428,z12wypgrswvfcnpnv22yzxjpftvvc5p22,aXXeHackeR,2014-07-22T11:41:57.927000,watch this with sound off!Ôªø,0,KQ6zr6kCPj8
429,z12hjvnykwipc3cjc04cjh5pbzjfijv5sck,Ksenia Vladimirova,2014-07-22T11:06:07.798000,Looooooooove this song!!!!!!!!!:))))))Ôªø,0,KQ6zr6kCPj8
430,z121szzyozr4vpqqc04cdn5g4zjhutdosdw,ItsJoey Dash,2014-07-22T10:04:05.755000,EVERYONE PLEASE SUBSCRIBE TO MY CHANNEL OR CAN YOU ALL JUST GO LOOK AT MY VIDEOS Ôªø,1,KQ6zr6kCPj8
431,z12dw3tbbzm2gpzty22gtf1bvviqeha2j,ItsJoey Dash,2014-07-22T10:04:00.700000,EVERYONE PLEASE SUBSCRIBE TO MY CHANNEL OR CAN YOU ALL JUST GO LOOK AT MY VIDEOS Ôªø,1,KQ6zr6kCPj8
432,z13kflxgcqn3gv0hz04cdn5g4zjhutdosdw,ItsJoey Dash,2014-07-22T10:02:25.925000,EVERYONE PLEASE GO SUBSCRIBE TO MY CHANNEL OR JUST LOON AT MY VIDEOSÔªø,1,KQ6zr6kCPj8
433,z13lvr4iupatjlrem231yvpxolzvspwdl,Salty Croc,2014-07-22T04:20:37.489000,Like this comment for no reasonÔªø,1,KQ6zr6kCPj8
434,z12lxhrqdkyusbkji04cihtrvn3jvxnqszg0k,Bob Orton,2014-07-22T00:26:50.820000,love this songÔªø,0,KQ6zr6kCPj8
435,z12xhdjrsxm3v550w22oynsjrnmvjhkvj,LuckyMusiqLive,2014-07-21T22:25:54.048000,this song is awesome. these guys are the best. love this video too its hilarious lol. im getting popular fast because i rap with meaning. thumbs up if you piss next to the water in the toilet so it doesnt make noiseÔªø,1,KQ6zr6kCPj8
436,z13msngo3qvwx1ym223pehqgouexzdmnm,xXxPWND 420xXx,2014-07-21T11:05:51.945000,HOW MANY THUMBS UP FOR LOUIS SAVING THE DAY!?!?Ôªø,1,KQ6zr6kCPj8
437,z120hptrylzqzdsoj04cepaonmuyyr1afj0,Matheus Macedo,2014-07-21T04:24:24.585000,NICE :3Ôªø,0,KQ6zr6kCPj8
